SKU,Recency,Frequency,Monetary,R_Score,F_Score,M_Score,RFM,Segment
000c4567-9127-4219-8388-5e80b5ca69f9,7,2,299.6,3,1,1,311,New
0018d4b9-2e31-489b-b900-5d6259a8a80f,0,101,218643.6,4,3,4,434,VIP / Champions
007725ce-8b6f-4a83-b5f4-d968a443c76c,528,1,25.2,1,1,1,111,Dormant / Lost
008bdc8d-7851-4584-8d94-c94776091a2f,232,1,10920.0,1,1,2,112,Dormant / Lost
0096493f-2e50-4c1d-a466-045729b361f8,86,2,7582.4,2,2,2,222,Mid-Tier
00b82d84-8100-4031-ba60-5291c8618488,0,300,624422.4,4,4,4,444,VIP / Champions
00d0ac89-6c8b-4b5f-be84-a100b883908f,191,1,480.2,2,1,1,211,Mid-Tier
0106c43c-82ec-4d76-9c61-ad0ed54d6792,48,2,67158.0,2,2,4,224,Mid-Tier
018d5591-eec7-4d4e-900c-352e8acc0664,0,347,298786.6,4,4,4,444,VIP / Champions
0195b176-bb1d-40ce-ad62-6019210574f2,0,293,189513.8,4,4,4,444,VIP / Champions
023238cd-d3c0-4b7f-9031-6162f2713a85,15,36,18835.6,3,3,3,333,VIP / Champions
027097ce-126a-4cd5-b402-096584db70c1,345,3,6300.0,1,2,2,122,Mid-Tier
028b3264-1684-4e80-86e3-73d1a6ff494e,191,1,105.0,2,1,1,211,Mid-Tier
02a1e040-76ca-4655-9819-22814c703fb9,0,217,23433.2,4,4,3,443,VIP / Champions
02a42dae-4b46-42d2-a767-bbf051442964,0,329,252224.0,4,4,4,444,VIP / Champions
02c002e0-d8c8-45ca-ab25-6e8b8fbe7c29,10,7,31358.600000000002,3,3,3,333,VIP / Champions
02c5b542-a286-4fda-be29-517baad04953,98,3,25155.2,2,2,3,223,Mid-Tier
034e4134-26a2-4b81-9063-0e0435259b9c,496,1,1556.8,1,1,1,111,Dormant / Lost
0380c408-e7a4-4eeb-922f-f8bfd0a328d7,0,106,38917.2,4,3,3,433,VIP / Champions
03982d24-e0ee-44f6-a2d2-8e674e6f9472,1,98,3875.2,4,3,2,432,Mid-Tier
03c67fc6-01a4-493e-8baf-24a457fa8624,17,6,443534.0,3,3,4,334,VIP / Champions
03d57149-0cca-48a0-8eae-2a6d2ef59a6b,48,1,43129.8,2,1,3,213,Mid-Tier
03de0be7-061f-495f-b358-10edfa876017,106,4,7238.0,2,2,2,222,Mid-Tier
03df4b22-f0bf-47fa-93cf-715052bdda8f,1,310,63953.4,4,4,4,444,VIP / Champions
0440f4e8-d3e5-418c-9d9d-7c577e7c2bc3,24,1,406.0,3,1,1,311,New
049eb098-8838-4e82-a78b-ff0809a94c53,196,1,980.0,1,1,1,111,Dormant / Lost
04b2d062-8d4a-4f7b-b20e-969cf84e3966,24,137,19511.8,3,4,3,343,VIP / Champions
058cf0c0-bbc9-4f55-b075-6152a74e8982,1,31,3164.0,4,3,2,432,Mid-Tier
05a2187d-542d-492d-847d-9374238145da,0,351,344512.0,4,4,4,444,VIP / Champions
05ec91a9-1ec5-4ac7-a53f-6620b4df062e,0,242,23606.8,4,4,3,443,VIP / Champions
05f822cc-508a-4c60-adca-25e358222727,0,111,355035.8,4,3,4,434,VIP / Champions
0624dc98-377e-46b9-9aa8-c7c24259dd7e,0,289,147239.4,4,4,4,444,VIP / Champions
062dd291-c4ec-4bd2-aa6f-51431e3a9c79,0,321,62491.8,4,4,4,444,VIP / Champions
064d98c4-4675-4a9c-8d99-a5313bdd53fe,191,3,37716.0,2,2,3,223,Mid-Tier
06702c0d-093c-4205-b709-bff974a4f78d,199,1,1321.6,1,1,1,111,Dormant / Lost
06c2d4ca-697b-4254-95b7-c768884cb5b3,246,3,840.0,1,2,1,121,Mid-Tier
06d1a3a8-bbfe-42b7-a24e-966756c6920a,0,361,4859450.4,4,4,4,444,VIP / Champions
06d3ca38-e4fe-45ab-a72b-f3693113784c,280,1,699.58,1,1,1,111,Dormant / Lost
06f12a66-d96a-4d8d-80db-9a4dcc6a6055,357,3,9122.4,1,2,2,122,Mid-Tier
06f4a03c-c96b-477b-aa57-281b3faab3fa,0,353,253191.4,4,4,4,444,VIP / Champions
074de745-73a7-4745-a097-6dbf688df976,10,37,13743.8,3,3,3,333,VIP / Champions
075ef422-58e3-434a-ac69-8f809b09581f,0,343,1105165.6,4,4,4,444,VIP / Champions
0767e67f-4e28-4f90-952e-ecdf3dbbe644,380,1,1400.0,1,1,1,111,Dormant / Lost
0771c735-5f52-4ba5-98dd-a33b8d74ad08,429,2,6.65,1,2,1,121,Mid-Tier
0777ab5b-9131-4df3-8d77-0c526871e518,0,352,476226.8,4,4,4,444,VIP / Champions
078020fb-334f-48c0-b55b-1221192462b1,8,32,29432.2,3,3,3,333,VIP / Champions
0793d35b-a8fe-44f0-8715-bbb5698d1e0d,49,1,789.6,2,1,1,211,Mid-Tier
086fab99-6202-4466-9a97-9ecd57b5ae96,141,1,4275.6,2,1,2,212,Mid-Tier
0898655f-ad5a-4529-a9b3-838d0aa51142,6,148,25671.8,3,4,3,343,VIP / Champions
08b0ce91-0958-4ed9-8292-a9bcd8bf6447,0,23,25277.0,4,3,3,433,VIP / Champions
08b1b2e8-48a0-48f7-9b52-67132c7581fa,48,14,743.4,2,3,1,231,At Risk
08da989d-8214-4954-acd4-3a1e32177ce2,112,1,33747.0,2,1,3,213,Mid-Tier
08ee2919-d3d7-4f2e-a38d-e4fbd90135da,210,1,6300.0,1,1,2,112,Dormant / Lost
08fe57f6-3876-42b7-96ab-4ff11b9bf7fa,0,336,66808.0,4,4,4,444,VIP / Champions
0913d014-b72e-4181-b247-fc7ef4cece58,298,1,3750.6,1,1,2,112,Dormant / Lost
094c23b2-101d-431a-a8ef-cc70741e8ec3,83,3,5971435.4,2,2,4,224,Mid-Tier
0959bfa5-0d2a-4f5f-8864-5ee88f2d4bac,0,10,1472.8,4,3,1,431,Mid-Tier
0980a437-8bc3-4271-9d57-52862cba1da9,111,1,6097.0,2,1,2,212,Mid-Tier
0982cb5b-85c3-4ed4-935f-1416688e2d96,0,278,94070.2,4,4,4,444,VIP / Champions
0a97778f-bdcf-4349-b1fd-4195c5545746,0,135,4750.2,4,4,2,442,Mid-Tier
0a9b58a4-e7c2-4faf-b272-24e0551e11da,0,341,719429.2,4,4,4,444,VIP / Champions
0b27424e-ad33-4473-b01a-cf79f46403a3,7,2,585.2,3,2,1,321,Mid-Tier
0b3e252d-2ecd-4cde-9369-f8ee953168e7,443,2,1234.8000000000002,1,2,1,121,Mid-Tier
0b4242a7-29a0-4047-96d3-956927694e81,191,2,59641.4,2,2,4,224,Mid-Tier
0b66a644-c1dd-4103-bb21-9896c2e70fd2,0,9,4888.8,4,3,2,432,Mid-Tier
0bd4483d-59f8-44a5-b453-fc257267869e,85,5,49128.8,2,2,3,223,Mid-Tier
0bffeb60-50b3-44b3-aec4-c8d5b553cfc4,70,6,13254931.2,2,3,4,234,At Risk
0c2bdbd6-1268-4d19-8195-2b300e0b2ec9,0,132,14392.0,4,4,3,443,VIP / Champions
0c4ae3dc-40c4-4cd7-8aba-89bc6a096523,0,196,11061.4,4,4,2,442,Mid-Tier
0c7a6500-d3c3-45b8-a0c0-86d47a742aeb,7,4,36400.0,3,2,3,323,Potential Stars
0c8843aa-6f20-4456-a056-cda48fe17b79,192,1,8678.6,1,1,2,112,Dormant / Lost
0c9b791c-5d6f-4bb7-a30f-087a166834a4,312,19,23623.6,1,3,3,133,At Risk
0cde7344-425c-4ad7-bb28-adf4645ec248,310,3,558.6,1,2,1,121,Mid-Tier
0d460e5b-6818-4a5f-8792-65e5dfa7679b,0,305,66679.2,4,4,4,444,VIP / Champions
0d87b687-ee68-46b8-bb4e-60f2064f396a,17,4,49228.2,3,2,3,323,Potential Stars
0d88654e-580d-41b0-85e3-bbba6cadf4b3,205,13,2661.4,1,3,1,131,At Risk
0d88b153-60d1-471f-b13c-a2d6f5a64375,69,1,1100.4,2,1,1,211,Mid-Tier
0e614aeb-baa3-40fb-aec9-46abe8b97e93,427,2,19.6,1,2,1,121,Mid-Tier
0e88357d-8139-457a-a14f-757825a0e856,0,119,17073.0,4,4,3,443,VIP / Champions
0e896bb1-115d-4894-844c-825fb17dc004,0,33,126835.8,4,3,4,434,VIP / Champions
0eb8359b-483f-4987-bfdb-1872b26f1d28,0,12,593.6,4,3,1,431,Mid-Tier
0eecd9d5-12ce-431b-bde5-1a2465b30280,211,11,1703.8,1,3,1,131,At Risk
0f16b8c6-f57f-4afd-8fff-0e23fc15676a,141,1,476.0,2,1,1,211,Mid-Tier
0f1d02b4-3e6a-4c2d-a314-58f60277f536,2,32,21680.4,3,3,3,333,VIP / Champions
0f8b84e5-42f7-4946-8e65-cf9ead4ec56c,1,101,77704.2,4,3,4,434,VIP / Champions
0f996e0c-7b0d-4ba2-bcf8-5efd92071a81,0,329,144088.0,4,4,4,444,VIP / Champions
107efffc-0a54-4ad5-ac70-062beb3cbb10,0,334,330992.2,4,4,4,444,VIP / Champions
1108349f-c840-4a25-974a-8d0493ad4a17,140,2,859.5999999999999,2,2,1,221,Mid-Tier
116ee3fc-780b-40ba-a265-fd05486e7390,365,1,2.8,1,1,1,111,Dormant / Lost
1189bfa1-ad57-4701-8764-ac739c150d63,77,71,18264.4,2,3,3,233,At Risk
11cd4b6e-fe79-402b-a97f-08cf23cf8158,0,326,123677.4,4,4,4,444,VIP / Champions
1214a822-3ce1-4aab-b3fc-2d69b27b4b67,0,12,80640.0,4,3,4,434,VIP / Champions
12334ad5-5ebb-49b1-b1b1-4e8959b568f3,1,257,12653.2,4,4,3,443,VIP / Champions
1259a1ff-0de0-4afd-8353-79dff0fb7ea4,205,1,5600.0,1,1,2,112,Dormant / Lost
1280e7a7-d06a-4f6b-8bc3-c61439319d01,204,2,31892.0,1,2,3,123,Mid-Tier
129084f2-f81f-4fd4-bf2c-4a4364cd3f8d,484,1,22.4,1,1,1,111,Dormant / Lost
12a85682-6ec2-4878-a54a-36212f78deab,36,4,10803.8,3,2,2,322,Mid-Tier
134754ef-e125-4478-9968-6bd84d38600b,164,1,1400.0,2,1,1,211,Mid-Tier
134b59a6-1e1e-49f5-8d32-0f5514c29cec,62,3,2000.6,2,2,1,221,Mid-Tier
135e408c-bcba-4e0d-ae9b-345a5735410d,318,1,1400.0,1,1,1,111,Dormant / Lost
1387fcd0-94d5-4e1a-9a92-4a6633abfaa3,24,1,8400.0,3,1,2,312,New
13955989-ea15-4471-b7c2-b5dc500f98a1,0,327,1287262.2,4,4,4,444,VIP / Champions
13a14598-094c-4b01-9e7f-b2e5a3dbd45e,476,2,5.32,1,2,1,121,Mid-Tier
13c2c0fa-a217-45a7-a185-ed6cc3ab793a,472,1,2765.0,1,1,1,111,Dormant / Lost
13d11e63-00c5-4cba-a0aa-0642ee267685,15,163,49145.6,3,4,3,343,VIP / Champions
13e79357-3f61-4c7d-9f73-9df6dc2d0f16,346,1,4193.0,1,1,2,112,Dormant / Lost
1442e003-551d-49f6-a614-bb491be8e622,141,1,560.0,2,1,1,211,Mid-Tier
1451339e-4d45-4dbe-b30a-c409a19e6f34,312,1,4198.6,1,1,2,112,Dormant / Lost
14756391-566f-4101-8a4a-4b4c198a9630,0,95,10449.6,4,3,2,432,Mid-Tier
14871f8b-1260-4c3f-9925-e98fc74ddac0,9,17,309211.0,3,3,4,334,VIP / Champions
1488624d-6a4e-4c2e-a862-a47af55d8ecf,105,15,11354.0,2,3,2,232,At Risk
149beaba-4804-478b-8224-9c575e37dc78,0,191,13721.4,4,4,3,443,VIP / Champions
149eef48-df3b-46a8-b2eb-697ff2fa90ce,234,1,9870.0,1,1,2,112,Dormant / Lost
14a64e1e-a738-41a0-b069-1218c8081609,142,3,52892.0,2,2,4,224,Mid-Tier
14aa8451-3eb5-452b-82f3-784b0bea8370,6,2,3817.8,3,2,2,322,Mid-Tier
14e6345f-609c-42f5-9201-15048f594ed8,7,1,3106.6,3,1,2,312,New
151632c2-448d-4506-b6d3-998a69f913e0,84,2,11040.400000000001,2,2,2,222,Mid-Tier
151825a4-9de1-4f7d-8752-8e61fbb07b3b,388,33,1097.6,1,3,1,131,At Risk
152b2540-0461-4007-b94c-25791743e75e,0,94,35203.0,4,3,3,433,VIP / Champions
156ce976-336b-4246-8aa7-46d0dd6b512f,303,1,7376.6,1,1,2,112,Dormant / Lost
1580afd5-14fa-4705-a71b-2668dd12b0cb,234,1,2800.0,1,1,2,112,Dormant / Lost
15a51552-33c7-4010-8b54-03e9c525f5e7,358,1,4569.6,1,1,2,112,Dormant / Lost
15d10c64-732a-4293-87e6-1901179fb7d5,17,5,35893.2,3,2,3,323,Potential Stars
15d484d4-7613-4f31-9420-e9500350a05d,69,1,184.8,2,1,1,211,Mid-Tier
15ff2d57-5f3e-4b67-8aeb-41705bbc2599,434,2,9240.0,1,2,2,122,Mid-Tier
160107bb-d110-4ae6-83f7-81854beaacd1,10,3,6617.8,3,2,2,322,Mid-Tier
1613a22f-99e4-4ea4-8691-ff35ca02ce19,97,4,58216.2,2,2,4,224,Mid-Tier
16158af3-00bd-4d43-ba29-f9191a7f7af7,78,2,10676.4,2,2,2,222,Mid-Tier
16184494-4718-46ae-8a3d-04bc665244b9,36,3,8419.6,3,2,2,322,Mid-Tier
161f820b-773a-4d7a-84a9-fcb30823f7ba,0,63,120860.6,4,3,4,434,VIP / Champions
168cd6a6-b2db-418f-a732-46951103ba14,22,9,9100.0,3,3,2,332,Mid-Tier
168fc4ed-d6f3-43f8-95d3-a91ec368fa70,0,250,150235.4,4,4,4,444,VIP / Champions
16bf7ae4-51c2-4fee-b60b-94614d34f294,524,1,504.0,1,1,1,111,Dormant / Lost
171e4625-539f-4c74-a787-4d8f17437d71,142,5,183472.8,2,2,4,224,Mid-Tier
1793358e-760b-4232-8410-10e9f61d4b5b,79,4,6916214.2,2,2,4,224,Mid-Tier
179e4f5c-2ee8-494f-b5c1-1e7cdd214f29,83,1,46596.2,2,1,3,213,Mid-Tier
17a5a4eb-085d-441f-a315-52cae7e33a4a,45,5,30767.8,2,2,3,223,Mid-Tier
17ecfbdb-6915-4bae-ae96-cfa49cd77f77,55,18,17794.0,2,3,3,233,At Risk
17ef9723-7467-4588-9155-1be7671a0cf6,36,3,8250.2,3,2,2,322,Mid-Tier
17f59277-c7e2-47e1-a7bd-3c0963f52786,284,1,2784.6,1,1,1,111,Dormant / Lost
18e4b45c-8cc2-4e82-b356-09a34c2d37a3,27,3,2609.6,3,2,1,321,Mid-Tier
19051c23-1d3c-4cc2-9d47-e4b908c0733b,191,1,943.6,2,1,1,211,Mid-Tier
194da552-5cd7-4a25-ba51-be355a5f3640,7,3,7120.4,3,2,2,322,Mid-Tier
19aae0d0-ef06-46cc-b619-32ffd76f5313,0,343,385665.0,4,4,4,444,VIP / Champions
1ab39ed3-1483-42b8-a0e9-0656af30d10a,197,1,15080.8,1,1,3,113,Dormant / Lost
1ab3c1e9-e666-49fb-a8c0-851db2e2cf3e,381,1,4030.6,1,1,2,112,Dormant / Lost
1b632f88-2ad7-4edc-a257-feaf6945b666,367,1,2.8,1,1,1,111,Dormant / Lost
1b893aae-eca4-43ca-9add-f5200d048e8b,55,2,7148.4,2,2,2,222,Mid-Tier
1baf74cc-fc38-4a1d-a222-70bebc41996a,16,3,1610.0,3,2,1,321,Mid-Tier
1bb42939-4751-4d2a-827b-81082e37364b,0,131,93375.8,4,4,4,444,VIP / Champions
1bfe5252-f4e7-4b90-8b2b-4fe86ce79674,126,2,63610.399999999994,2,2,4,224,Mid-Tier
1c2e8e1d-6ffd-4ff7-9720-58b9f243438d,1,42,13654.2,4,3,3,433,VIP / Champions
1cae9cd9-7437-43d5-a340-0df78d5e2deb,294,76,2591.4,1,3,1,131,At Risk
1dbbab88-64d7-4743-8325-1c6a5a2db166,50,8,3903.2,2,3,2,232,At Risk
1dca8337-6fc4-4192-b7a9-4405d02d77bb,0,275,411507.6,4,4,4,444,VIP / Champions
1dd8c378-98b8-4a90-9572-68c7482dca42,0,32,7337.4,4,3,2,432,Mid-Tier
1e459411-ff01-48dc-9c80-e7852d8e0297,436,1,1440.6,1,1,1,111,Dormant / Lost
1e648d4b-0ef1-494f-9d5b-358b13319515,312,62,2601.2,1,3,1,131,At Risk
1ea4b84e-16c9-42ea-8379-29a6dd2d878c,0,312,43808.8,4,4,3,443,VIP / Champions
1fa9591a-ec80-4cda-aa00-670327cc2483,1,117,26868.8,4,4,3,443,VIP / Champions
1fed619f-420c-43c0-b49d-e061228b07bf,170,199,32733.399999999998,2,4,3,243,At Risk
1ffc3f3f-8965-49b1-b17f-431bccb6648a,0,265,432898.2,4,4,4,444,VIP / Champions
2048a908-3fff-406c-918c-9306b8a0954a,48,2,55398.0,2,2,4,224,Mid-Tier
204a2c45-ac50-418f-b670-c7e4b2007302,140,2,1512.0,2,2,1,221,Mid-Tier
20ab8215-cb72-41d5-90c9-179798953354,83,1,30368.8,2,1,3,213,Mid-Tier
20e809bd-a0b3-4230-8a01-3e1f8d767f57,0,348,317280.6,4,4,4,444,VIP / Champions
20e8c23f-2fed-45f5-bdb3-1cdd7a42b01e,226,2,18400.199999999997,1,2,3,123,Mid-Tier
21838def-10ff-4b73-aca0-61b193ff5307,6,6,32886.0,3,3,3,333,VIP / Champions
218d6a1b-5958-44df-92e7-cb749f4cf64d,217,174,44143.4,1,4,3,143,At Risk
219243ed-27b9-4763-8bc8-eccbe0b32132,191,2,61240.2,2,2,4,224,Mid-Tier
21e28c31-ef5e-4382-a528-7a3ab9fe52d0,23,1,17725.4,3,1,3,313,Potential Stars
22cf2fcc-643c-4a5e-bd8f-055b9b925f58,197,1,1680.0,1,1,1,111,Dormant / Lost
23150b8d-23ee-4947-bb0d-a7a5bc687e4b,1,160,25624.2,4,4,3,443,VIP / Champions
23243104-4a01-4b25-b258-4cc078ff2ac3,2,100,6496.0,3,3,2,332,Mid-Tier
2338d044-5721-4c74-b5a5-0ad908fdae42,0,78,14198.8,4,3,3,433,VIP / Champions
234aebb2-03db-4643-8cb0-cac4dbc1168a,118,1,3046.4,2,1,2,212,Mid-Tier
2351c8c7-e3a5-47bd-8369-91b0a3e46846,496,1,2135.0,1,1,1,111,Dormant / Lost
236805b1-4ea3-4209-a003-447af1b2b284,48,3,512064.0,2,2,4,224,Mid-Tier
23967d49-a5df-424b-81a2-e0348c492a1e,0,70,20287.399999999998,4,3,3,433,VIP / Champions
2453caeb-55ae-473b-a218-2ff98fb62312,259,2,32838.4,1,2,3,123,Mid-Tier
24549e1a-7ac9-47c8-bff9-7aa407061bcf,13,49,91173.6,3,3,4,334,VIP / Champions
2469ecba-28f1-47c5-b680-1e58f763b83b,142,1,4592.0,2,1,2,212,Mid-Tier
24852795-6554-47fb-b82c-fb7b9b838b36,24,3,26055.4,3,2,3,323,Potential Stars
24bf854e-75e6-48b3-90cf-240fcb55f019,410,6,604.8000000000001,1,3,1,131,At Risk
259d1350-876e-4160-81b3-1324f0a71b44,0,267,96786.2,4,4,4,444,VIP / Champions
259ed61a-457b-4ee1-b288-976f0f48c25e,1,324,46907.0,4,4,3,443,VIP / Champions
25a64548-43ec-419f-92c6-5ef019341040,0,289,168841.4,4,4,4,444,VIP / Champions
2626bf87-f9d8-497b-b585-8ca4a225a307,14,159,8160.6,3,4,2,342,Mid-Tier
263d27f6-2ef6-427f-98c7-1ae0692980a1,0,317,208465.6,4,4,4,444,VIP / Champions
26c56883-f3b3-4a24-8d61-9f6a67fc69a4,9,3,1568.0,3,2,1,321,Mid-Tier
26d4d989-d3c1-4403-9e5c-15abd11adbc7,0,339,378273.0,4,4,4,444,VIP / Champions
26f60e26-cedf-4ae5-b455-38e34e0b406e,417,1,5.6,1,1,1,111,Dormant / Lost
273b3b94-5e05-4df4-a711-0ce3c3539006,73,1,210.0,2,1,1,211,Mid-Tier
274da6d5-762f-460e-b291-edb3568668d2,360,11,8846.6,1,3,2,132,At Risk
2766494c-677a-48c3-9a19-93829a59a314,108,4,111150.2,2,2,4,224,Mid-Tier
2777dcd0-d662-4c6e-9e78-e619218c5771,9,9,5257.0,3,3,2,332,Mid-Tier
27899713-4605-4fd3-81b7-af753bb3e96a,16,2,2100.0,3,2,1,321,Mid-Tier
27db1ea1-cb34-45d7-81bd-9fdab2b4fd01,24,249,165613.0,3,4,4,344,VIP / Champions
27e51282-5fae-422f-8829-8be27efcda88,0,201,1005078.2,4,4,4,444,VIP / Champions
27f6d282-8d0d-481b-bcb4-0167312ca5fb,2,151,22793.4,3,4,3,343,VIP / Champions
281d65e6-f075-4c62-961d-40cdf8f7d8d9,410,1,2800.0,1,1,2,112,Dormant / Lost
28704d93-2028-4483-8f35-93b7977cb1b2,221,4,138656.0,1,2,4,124,Mid-Tier
28acc447-ea30-4f6d-ab37-1e49bde5fe1d,94,2,2066.4,2,2,1,221,Mid-Tier
28ca4ad1-5fde-474b-867f-9543631f42d8,196,1,14821.8,1,1,3,113,Dormant / Lost
29067d07-7f24-4c38-85ea-39249101a920,0,249,41091.4,4,4,3,443,VIP / Champions
29166a72-2df3-495b-90f5-8f4706df4d25,185,2,32886.0,2,2,3,223,Mid-Tier
292150fe-f63f-4951-b9cc-5a23ef2c2875,7,4,5658.8,3,2,2,322,Mid-Tier
293c1e18-2d63-41ee-8e56-062e807fe11d,7,79,11736.2,3,3,3,333,VIP / Champions
29a0680c-9e07-448d-a396-e47b9ad687cd,163,44,1785.0,2,3,1,231,At Risk
29d4e457-9815-4265-947b-3874ec62d303,73,2,2520.0,2,2,1,221,Mid-Tier
2aa85736-0ed1-4701-8bc6-074bfaac2094,0,346,549108.0,4,4,4,444,VIP / Champions
2af5fde6-dd21-4a88-bf4d-042dcbf9edea,504,1,14.0,1,1,1,111,Dormant / Lost
2afab9be-3a76-40a6-8307-2f6032ea5ed7,189,1,4620.0,2,1,2,212,Mid-Tier
2b07aa67-3419-4899-b71d-3aeab67c044e,17,3,350.0,3,2,1,321,Mid-Tier
2b3a2290-7d45-4283-9713-c12b365049d7,141,1,280.0,2,1,1,211,Mid-Tier
2b979ed9-44d7-4ec0-876c-17578519b412,476,2,3.1304,1,2,1,121,Mid-Tier
2bbb4028-d8d0-44a9-8d84-3c2b3248e7f7,448,1,1.4,1,1,1,111,Dormant / Lost
2bbe4665-15a4-4324-a777-0ff653a357a2,0,286,46677.4,4,4,3,443,VIP / Champions
2c09c15a-5175-4be8-b116-4b92db4b1e37,389,10,3626.0,1,3,2,132,At Risk
2c18ee0f-00b9-4686-ad68-8f5bdf3f9756,0,105,13592.6,4,3,3,433,VIP / Champions
2cd8d2c9-1f9e-4c9a-be35-83b8828bb34a,0,331,103882.8,4,4,4,444,VIP / Champions
2ce0e554-f088-4f44-8f15-2923540090c7,17,2,560.0,3,2,1,321,Mid-Tier
2ce33659-475e-4963-af53-929ba660e893,0,202,19979.4,4,4,3,443,VIP / Champions
2ceb529c-a376-4de2-9c6c-12ffd3d72d93,284,1,567.0,1,1,1,111,Dormant / Lost
2d363dab-dc5b-4b88-af50-06f4fd6e04a4,2,210,63368.2,3,4,4,344,VIP / Champions
2d4085df-2cdd-4f12-b7d0-4548fb677d03,1,86,24698.800000000003,4,3,3,433,VIP / Champions
2d7237e4-c689-4388-9b6b-d9d851de81f2,210,1,42000.0,1,1,3,113,Dormant / Lost
2d894816-e010-4d3b-bb0d-16aee0b14270,0,178,9150.4,4,4,2,442,Mid-Tier
2d928f4b-64ea-4ea0-bfc8-02eaf3aedd05,1,201,72644.6,4,4,4,444,VIP / Champions
2da971e8-6dd6-4b84-886e-cc7224719c68,380,1,4065.6,1,1,2,112,Dormant / Lost
2dc65628-02c6-4778-9651-99469ee6597e,8,320,746797.8,3,4,4,344,VIP / Champions
2dfe3a0c-3837-45c4-bf6b-b5a510474670,98,3,11085.2,2,2,2,222,Mid-Tier
2e99f915-2f6f-4677-9341-4b3469cf3354,204,1,6494.6,1,1,2,112,Dormant / Lost
2e9b25b1-1bc2-4012-b90f-2689eab958b6,23,1,26611.2,3,1,3,313,Potential Stars
2ec87c33-55db-4f9d-b18f-9110099502ef,0,347,428131.2,4,4,4,444,VIP / Champions
2ecda926-a844-4886-bb5f-3bcd77f3cb0b,0,149,31235.4,4,4,3,443,VIP / Champions
2f8b08ba-88ea-4a20-9c3e-bdab009b800f,6,6,31047.8,3,3,3,333,VIP / Champions
2fd45861-a29a-415e-ac5d-cea5bc630e48,2,78,2623.6,3,3,1,331,Mid-Tier
2fde452a-a6e0-4f21-8203-853b667e0899,14,1,4705.4,3,1,2,312,New
3025e63e-f262-4ada-be8c-edbd13846192,57,1,9436.0,2,1,2,212,Mid-Tier
3037e3ef-9566-4112-a52f-32cc30ab7ed4,0,142,23755.2,4,4,3,443,VIP / Champions
305512fd-5885-47b7-a176-7a122c4019e1,227,1,175.5124,1,1,1,111,Dormant / Lost
3056bb4b-6a6a-43a9-acab-7e35549d30b4,189,1,1526.0,2,1,1,211,Mid-Tier
3056e019-dce6-4534-afdd-f03807ec3ef9,91,46,9856.0,2,3,2,232,At Risk
3057ac84-18ca-49af-8cf9-763c0241ecf2,0,252,30807.0,4,4,3,443,VIP / Champions
30baa925-6572-426d-8660-199d594bb9d7,0,35,15185.8,4,3,3,433,VIP / Champions
3148bd15-dd33-469d-aafc-85fb24ee7fd6,126,2,47664.4,2,2,3,223,Mid-Tier
315cf5c5-a702-41fe-86c0-e2b557e9985a,2,204,9427.6,3,4,2,342,Mid-Tier
3191aaad-a6af-432d-b653-371b8d99b9b6,200,2,308002.80000000005,1,2,4,124,Mid-Tier
31aae9f0-0020-405f-88a1-e9a26826627c,1,270,31448.2,4,4,3,443,VIP / Champions
31cf012d-ca64-46de-8774-ec06f59d0f4c,0,336,123417.0,4,4,4,444,VIP / Champions
31d54628-c186-4d66-9c3c-885e21833178,0,282,304231.2,4,4,4,444,VIP / Champions
31d62112-e42d-4be6-a205-4531f185167f,69,2,3786736.8,2,2,4,224,Mid-Tier
322a7dd2-d70e-4f5e-abb2-7cba468f3b97,10,3,49533.4,3,2,3,323,Potential Stars
322d1d67-9fb9-4518-985f-49b9ef097b73,0,29,39048.8,4,3,3,433,VIP / Champions
32a878b4-7ffa-4b94-80e8-dce7045fbe05,27,3,2609.6,3,2,1,321,Mid-Tier
32b3dfef-d000-448a-bf88-2f5acc8a5da9,23,27,436.79999999999995,3,3,1,331,Mid-Tier
32bf8cc1-5392-42de-8b18-1819104c5aee,282,10,12348.0,1,3,3,133,At Risk
3301b83a-a731-4f75-a7b6-4fc00c47e55f,79,3,38304.0,2,2,3,223,Mid-Tier
33ba22d1-d812-4c82-a147-9a2578ee1d7b,184,1,397.6,2,1,1,211,Mid-Tier
33f6c7fc-9976-4530-ae64-2e213a4b80cb,130,2,7987274.4,2,2,4,224,Mid-Tier
33fad906-3be8-48bb-bcd2-9c33a7a25a26,367,1,2.8,1,1,1,111,Dormant / Lost
345eb8a6-f542-4fa0-af38-94b1fbcc06fa,94,3,20592.6,2,2,3,223,Mid-Tier
345f1245-98e2-454c-b128-e0045a648c5f,0,203,46837.0,4,4,3,443,VIP / Champions
34627b76-33f9-4b84-ac26-ee11794ac0db,34,3,44580.2,3,2,3,323,Potential Stars
34810f3d-ada3-450d-afb5-d3f4048bf707,206,4,271483.8,1,2,4,124,Mid-Tier
348c7123-a82e-4b87-a78a-26515182a196,380,2,42.0,1,2,1,121,Mid-Tier
3495122c-11d9-4539-839a-f688d7c59f6d,0,350,1156531.6,4,4,4,444,VIP / Champions
34e11ee5-2fd3-4e96-bb48-277ea76ebd19,360,3,5278.0,1,2,2,122,Mid-Tier
3513e29b-4cf8-4994-a76d-c1e531a82483,0,26,2037.0,4,3,1,431,Mid-Tier
35403ad7-74be-45ef-95fc-1ed9340d8521,111,3,19299.0,2,2,3,223,Mid-Tier
3598760f-c1ad-4045-93e4-65fd228b7ec2,434,1,5320.0,1,1,2,112,Dormant / Lost
35b6fcd0-5e73-48b1-98d4-759639d105c6,374,2,3400.6,1,2,2,122,Mid-Tier
3618dfa5-29fe-4e1b-8a83-6f1cf9104520,111,1,1552.6,2,1,1,211,Mid-Tier
36373833-2bfd-4d6a-9492-7d23ccdd5902,10,62,2242.8,3,3,1,331,Mid-Tier
3640fed5-cc5e-4dda-9877-ebcb61a8ba3b,9,19,127904.0,3,3,4,334,VIP / Champions
3657a60d-878d-49f0-a61d-3fe00cf567a1,203,1,1078.0,1,1,1,111,Dormant / Lost
367b5c1f-3a09-4ad0-bb5f-84794017b056,24,4,4732.0,3,2,2,322,Mid-Tier
36f9aff2-d952-4745-8391-08e5a64196f8,0,356,655043.2,4,4,4,444,VIP / Champions
371d2fcc-9488-489c-83a6-4237b2126a0c,14,3,6454.0,3,2,2,322,Mid-Tier
37650b36-f7e2-42d1-8f47-d43ae0c1bec1,368,1,2.8,1,1,1,111,Dormant / Lost
3775c097-5f29-4614-9a24-63f59ee59c35,0,140,9872.8,4,4,2,442,Mid-Tier
379a8e13-d930-4da3-9ae2-f7a171e3048b,57,1,1108.8,2,1,1,211,Mid-Tier
37cfc201-f1c8-4dfb-b20e-76f7b9cfd45a,0,232,73824.8,4,4,4,444,VIP / Champions
3841682f-2d32-46ef-bc35-6c512d2e3702,42,10,1705200.0,2,3,4,234,At Risk
3898934c-6033-4486-a151-812fc35831eb,196,1,490.0,1,1,1,111,Dormant / Lost
38a49378-59c6-4588-9473-90ba40b5fa2c,9,11,6972.0,3,3,2,332,Mid-Tier
38c700d7-d01c-4438-a11c-fe02962ce71c,323,13,631.4,1,3,1,131,At Risk
38d8c6ff-2ce2-4a23-b20d-0d50de400348,0,259,19171.6,4,4,3,443,VIP / Champions
3903ee17-7982-4f9b-896b-4ebcd8122f63,1,169,18583.6,4,4,3,443,VIP / Champions
393ed47e-20a6-4254-9f10-c77c00f8e5e1,133,1,1449.0,2,1,1,211,Mid-Tier
39854355-48cd-4e4b-a665-cf961829ae92,0,24,46601.8,4,3,3,433,VIP / Champions
39bc726f-d43c-4748-97a7-14aa2a6bdc4e,0,302,152789.0,4,4,4,444,VIP / Champions
39e00683-2b5e-4841-8f2b-3f768283fe0c,137,2,8736.0,2,2,2,222,Mid-Tier
39edd523-c254-4cdf-9815-b5201693950f,218,65,5103.0,1,3,2,132,At Risk
39faa472-8d56-498c-ae7c-5b8649ea723d,197,1,8850.8,1,1,2,112,Dormant / Lost
39fb1793-a296-4eee-bb4b-ca183b547cbc,7,1,18060.0,3,1,3,313,Potential Stars
3a55c070-a596-452c-9383-7d8f3eac1d4a,2,19,277.2,3,3,1,331,Mid-Tier
3a7f4cd7-0205-4580-b8b2-6b5db4492b55,9,3,10287.2,3,2,2,322,Mid-Tier
3a7f524c-6da3-4277-8fcd-e88f470e1534,44,5,4758.6,2,2,2,222,Mid-Tier
3abcb28e-df32-4cb9-a391-a1d47f4b6c72,7,3,4284.0,3,2,2,322,Mid-Tier
3af4fc37-dc24-4c65-8622-b89dc40670be,0,109,77436.8,4,3,4,434,VIP / Champions
3b7988b0-5e3f-4b47-8d17-313a27875ae7,0,346,183369.2,4,4,4,444,VIP / Champions
3b7b3c24-dfd4-4617-bb95-8a79d1dba08e,291,1,13532.4,1,1,3,113,Dormant / Lost
3c5e9b09-5143-4688-a310-179d7700f8ca,0,336,528131.8,4,4,4,444,VIP / Champions
3cbb3a93-e1b0-44f3-bb02-c9615a1c3fc3,7,1,638.4,3,1,1,311,New
3cbcbd70-5cb1-4b78-b757-5098e9cb5a9e,97,2,2034.2,2,2,1,221,Mid-Tier
3d09c7b8-6e50-4ce1-9c9d-6e760cb2cfae,445,63,57617.0,1,3,4,134,At Risk
3d0ba75a-622d-480c-b893-88dba6245435,1,282,34349.0,4,4,3,443,VIP / Champions
3d1a0d31-0d74-4cd6-a521-0b02943d4400,13,36,34902.0,3,3,3,333,VIP / Champions
3d2cf853-b35f-4b4b-af8c-d746eba7c377,464,2,89020.4,1,2,4,124,Mid-Tier
3d6557cf-6313-452e-950c-58954e897821,0,236,12906.6,4,4,3,443,VIP / Champions
3d79d16b-da13-453d-a8c3-f7199a6cdfb2,0,136,7526.4,4,4,2,442,Mid-Tier
3da3d741-ecd5-48c8-be1b-a085ddc125aa,0,344,765578.8,4,4,4,444,VIP / Champions
3dc61157-d999-4a5b-a293-dd6745b60aac,0,331,48468.0,4,4,3,443,VIP / Champions
3de1236d-c5e0-4cf5-b8fa-6781a12ab4b8,34,3,20293.0,3,2,3,323,Potential Stars
3de28e8a-1be8-4f57-9d40-9d1f03ee422b,16,288,1189616.4,3,4,4,344,VIP / Champions
3e64781a-32a6-4614-b8a8-938ca3464a28,36,11,83600801.2,3,3,4,334,VIP / Champions
3ea704be-02ff-4c36-b0af-e4aa036308e9,0,7,41979.0,4,3,3,433,VIP / Champions
3f277cdb-774a-4ff8-950b-4428e3336250,0,295,69785.8,4,4,4,444,VIP / Champions
3f65bea8-be00-4dfe-b1a7-4814c28343a3,414,38,1141.0,1,3,1,131,At Risk
3f7c211a-a6b4-487b-af2e-6569d479e199,0,357,891237.2,4,4,4,444,VIP / Champions
3fc00b26-de12-422c-bf26-c856fe232ae3,44,12,61038.6,2,3,4,234,At Risk
3feed202-e630-4cb5-9220-5bb9cc8ac452,41,2,11569.6,2,2,2,222,Mid-Tier
3ff29c25-53f2-44bc-8fd8-ddaaf7a0bdf7,44,14,2343.6,2,3,1,231,At Risk
404a171f-e631-43d8-bd77-a7f6a237ed69,127,51,837.2,2,3,1,231,At Risk
40847e7a-f8e2-4777-b5ac-12551fa8fc93,44,1,11004.0,2,1,2,212,Mid-Tier
409f8bc7-5436-4013-ad6e-8b4ebd89e1ee,310,5,232.4,1,2,1,121,Mid-Tier
41176bc7-ba73-40fc-8490-75b8dd836c0f,101,4,3444.7,2,2,2,222,Mid-Tier
4142ec2a-10d7-437c-b5b6-a6fd5b941fa1,112,202,21505.4,2,4,3,243,At Risk
414981b1-435e-46d6-9a59-9bda466a6587,9,33,159434.8,3,3,4,334,VIP / Champions
4162213a-8a9a-4dd7-9943-545bd6123606,191,1,54950.0,2,1,4,214,Mid-Tier
418a89bd-40d8-4ca5-9063-6d89917841b0,0,324,55274.8,4,4,4,444,VIP / Champions
41923eb1-c351-4d52-891c-ba0f28bf8b17,206,6,419442.8,1,3,4,134,At Risk
423f5cd2-be31-4c92-bd0b-231c1b0cd278,0,320,44566.2,4,4,3,443,VIP / Champions
42583665-e675-4e09-b356-8ac8a70919c7,118,10,4838.4,2,3,2,232,At Risk
425c0f59-858e-4c51-8b0b-0d139ee49b10,0,298,141402.8,4,4,4,444,VIP / Champions
428d1631-089b-440c-ae47-e473ea578d2b,284,1,6573.0,1,1,2,112,Dormant / Lost
42e1d676-c6f8-444f-9d49-5f3744586934,199,1,716.8,1,1,1,111,Dormant / Lost
4327f19b-e514-461e-888d-df80c009352a,197,2,2100.0,1,2,1,121,Mid-Tier
434b07df-cc44-44c9-a593-745ce4e4def6,497,1,3964.8,1,1,2,112,Dormant / Lost
43a91254-35a4-4f63-947d-5ddef45bf0f1,197,2,3574.2,1,2,2,122,Mid-Tier
43f2073a-4023-4d90-81fe-fe2746cd91c7,0,221,622672.4,4,4,4,444,VIP / Champions
43fcf1d2-3c0f-4f3a-ab58-75b6ce29e211,0,110,66665.2,4,3,4,434,VIP / Champions
4443326f-4011-44cd-8430-cb753c929ee7,504,26,3239.6,1,3,2,132,At Risk
44a71c27-78d4-46ff-b4bf-12536e7b1fc1,118,1,84.0,2,1,1,211,Mid-Tier
44ca32ba-9ffb-4b84-b05f-e0083646b65b,86,2,7611.799999999999,2,2,2,222,Mid-Tier
44cea3fa-8f28-4da2-ac75-265a2e796e3e,69,149,16108.4,2,4,3,243,At Risk
44cf4895-c60e-4dc7-b542-0440390dda56,38,1,292.6,2,1,1,211,Mid-Tier
44f4f1cf-c018-45b1-9073-50ade73e1e55,6,3,207559.8,3,2,4,324,Potential Stars
453744af-52d1-45e0-b33f-0ee84e895c4e,368,1,2.8,1,1,1,111,Dormant / Lost
4537fb19-0890-47b4-bee4-bfcf25f828c5,9,5,1176.0,3,2,1,321,Mid-Tier
458ee4a5-5eaa-432e-b96b-63104d5c9fab,2,61,11151.0,3,3,2,332,Mid-Tier
462834f2-609f-4403-b412-f1dce25922a1,72,11,83839.0,2,3,4,234,At Risk
468684c9-1198-4929-b71c-e19ae2376bc2,0,275,247367.4,4,4,4,444,VIP / Champions
46d120aa-bb7f-41ae-b192-af1a3b44f080,7,3,8255.8,3,2,2,322,Mid-Tier
46e11f59-d7e1-4d72-94d9-8c323f1decfb,83,3,1341023.6,2,2,4,224,Mid-Tier
475e4ace-7495-4eee-8fae-28c12ee93803,0,324,95111.8,4,4,4,444,VIP / Champions
47659525-2345-4a7b-a1d8-51cd780552f5,1,6,2709.0,4,3,1,431,Mid-Tier
478ca7da-2d36-480d-8035-22ee91433f20,86,3,5135.2,2,2,2,222,Mid-Tier
478de009-ca89-4e66-9c32-7a33f65e9095,114,2,15582.0,2,2,3,223,Mid-Tier
47af3e1b-fedd-4569-82bd-7d3425ed160e,1,248,22297.8,4,4,3,443,VIP / Champions
47cd76c4-65dc-4c11-acd6-b69083864ff0,9,10,6412.0,3,3,2,332,Mid-Tier
480f3831-5270-4db9-87e2-bb4098e03033,252,1,48899.2,1,1,3,113,Dormant / Lost
4832cf3c-58f4-4e3c-b68b-8ec79e0211b4,374,2,3248.0,1,2,2,122,Mid-Tier
48763e7b-5d49-43be-9eff-ab547b78a258,367,1,2.8,1,1,1,111,Dormant / Lost
48a29b2b-5f5c-47df-a214-289c3b314556,13,6,1220.8,3,3,1,331,Mid-Tier
49333f6e-3148-403e-b00d-6342455c6efc,0,105,201703.6,4,3,4,434,VIP / Champions
493b02f9-6596-4245-b198-d3a93237f365,22,5,23865.8,3,2,3,323,Potential Stars
498d73d9-03f9-4015-838b-87ff7e7c27eb,16,17,10358.6,3,3,2,332,Mid-Tier
49961bf8-131e-4429-8a20-c162a9b0131b,338,5,1400.0,1,2,1,121,Mid-Tier
49ed5d9f-4ff3-43f2-a5a7-2692c6001564,86,2,4460.4,2,2,2,222,Mid-Tier
4a0c4f02-a553-419d-9ccf-c7e5f72da7c7,0,355,900268.6,4,4,4,444,VIP / Champions
4a1594d0-2509-43eb-a3fa-0f2824ef799e,142,1,3977.4,2,1,2,212,Mid-Tier
4a459295-a991-4cb9-b93f-1f208339e9a5,0,356,1662943.8,4,4,4,444,VIP / Champions
4a5aac66-0d24-4422-9167-5f2681277730,9,14,8736.0,3,3,2,332,Mid-Tier
4a75dcf1-f34c-445e-bcc8-df1b39a585e4,140,4,163959.6,2,2,4,224,Mid-Tier
4a8e010e-be63-458d-88ea-ff1fad0697c6,196,1,126.0,1,1,1,111,Dormant / Lost
4a9134c1-df72-412d-bb36-40d310de5efd,44,1,13876.8,2,1,3,213,Mid-Tier
4aeecff0-befd-4909-ba05-de0a25861676,0,100,30982.0,4,3,3,433,VIP / Champions
4af1d979-e6f7-40e0-91e2-a7d435f71351,85,120,100735.6,2,4,4,244,At Risk
4b1d30bd-3972-411f-980a-b4b8cf24ae73,9,7,2660.0,3,3,1,331,Mid-Tier
4b7e0d88-c065-4621-97ac-c44851fec061,7,2,1215.2,3,2,1,321,Mid-Tier
4b83e4aa-87aa-402d-9ef4-c11079d6d2a1,44,8,25102.0,2,3,3,233,At Risk
4bb2c8ac-b1f1-4759-845c-0a656a2da50f,1,136,5212.2,4,4,2,442,Mid-Tier
4c0a190a-6e90-4be1-a75b-2a136c777f35,23,5,20986.0,3,2,3,323,Potential Stars
4c4187ce-e65a-4e10-b68a-b68c2950c1f5,97,3,62220.2,2,2,4,224,Mid-Tier
4cf93465-0da5-454b-bd70-f5f71f6cc96e,0,347,328263.6,4,4,4,444,VIP / Champions
4d0eb7d5-365e-4818-bf61-13a4d1e03522,205,2,30815.4,1,2,3,123,Mid-Tier
4d1c0273-ceb4-425e-b13c-ab63ec629689,192,1,7576.8,1,1,2,112,Dormant / Lost
4d8bc75b-a61d-4929-b90d-4c787ac572e8,134,1,34.9958,2,1,1,211,Mid-Tier
4de5a9e6-4d00-4a94-adf3-17db9d966efd,1,150,12532.8,4,4,3,443,VIP / Champions
4e2358b0-1a71-4a58-9eb7-91e4e8356b15,119,1,2842.0,2,1,2,212,Mid-Tier
4e2494dc-9f13-4710-a835-80409e7f73bc,72,2,16388.4,2,2,3,223,Mid-Tier
4e2fa7d4-ab35-4ad4-92f8-9a0667212ce3,472,1,10631.6,1,1,2,112,Dormant / Lost
4e65d152-e914-4861-bf66-1022da0e9d6a,34,5,32309.2,3,2,3,323,Potential Stars
4e98dfb5-6a6c-4760-bfc7-503a5a108286,3,41,239471.4,3,3,4,334,VIP / Champions
4ea40519-9f35-4d9b-8237-4fb3d6036cf7,378,46,4198.6,1,3,2,132,At Risk
4ece588f-0c37-4cb8-a477-b47876183cf4,372,1,15229.2,1,1,3,113,Dormant / Lost
4f31b1a3-516a-473c-a85d-0eb188c11364,49,1,5700.8,2,1,2,212,Mid-Tier
4faa5334-a0e9-4a62-9b93-b56b0c755451,41,1,3033.8,2,1,2,212,Mid-Tier
4fcc49eb-2ed8-45f1-ac1e-7007fdd3f9df,255,1,2.8,1,1,1,111,Dormant / Lost
5010aa07-eb18-44d3-a5c4-70f113249642,0,282,20104.0,4,4,3,443,VIP / Champions
50111a9e-3293-47d9-ab88-8a4551dc7090,6,3,209286.0,3,2,4,324,Potential Stars
50710867-683d-46ea-a187-3f657a251551,31,4,214102.0,3,2,4,324,Potential Stars
508f027b-d12f-4487-b1ba-4cbc1c4f12ca,144,2,6505.8,2,2,2,222,Mid-Tier
50a9359b-09f8-4ff7-9dce-2b2409fe4ef2,234,1,18078.2,1,1,3,113,Dormant / Lost
50baaf9d-0111-40b8-97f9-7fb8fe07500d,203,1,14.0,1,1,1,111,Dormant / Lost
516aa670-aef5-45bf-a829-fb36a73ce17a,115,1,1512.0,2,1,1,211,Mid-Tier
5184537e-3d00-4dca-8908-23fa17da3c49,255,1,2.8,1,1,1,111,Dormant / Lost
51a2820b-0e98-4e98-9506-54f0029bb72c,1,43,29610.0,4,3,3,433,VIP / Champions
51b70384-4ba4-4db8-a9bc-9d73bcf5809a,70,1,9507.4,2,1,2,212,Mid-Tier
51e336b7-ae48-4148-8cef-a3952a6a9dd5,0,357,2139583.6,4,4,4,444,VIP / Champions
520332a8-e359-43ca-a298-ffcf4a466622,44,2,7484.4,2,2,2,222,Mid-Tier
52229a6e-88e7-4519-a2bf-4b0a95eebc3e,0,300,109547.2,4,4,4,444,VIP / Champions
52849d15-5676-4058-86dd-fa20f3d53fd7,1,289,209931.4,4,4,4,444,VIP / Champions
52a35f35-82c7-4781-b1f8-9144e1e3c769,0,356,488313.0,4,4,4,444,VIP / Champions
52f9aab7-a56d-41dd-804a-04dd7d15bf22,358,1,4124.4,1,1,2,112,Dormant / Lost
5323c6be-3113-4d4a-ba5c-5541b214b2bf,17,13,355531.4,3,3,4,334,VIP / Champions
5327aa34-ffff-4048-a894-89cded1ebbf2,472,1,13155.8,1,1,3,113,Dormant / Lost
5344cf5d-4ed6-46ed-b9f4-cdc3a43fd071,196,3,1814.3999999999999,1,2,1,121,Mid-Tier
535ebb2d-6344-45ad-abf9-4cc263b877f0,191,2,60461.8,2,2,4,224,Mid-Tier
5380bdc6-e860-4764-8d3b-adfd9f668b0f,42,7,62879.6,2,3,4,234,At Risk
53bef5db-8d2c-4521-8910-721bdad2cb11,2,72,5315.8,3,3,2,332,Mid-Tier
541c373c-addb-47ef-bdb0-d353781ab846,0,20,21569.8,4,3,3,433,VIP / Champions
5481a0df-2d07-4447-9909-85018d95299a,288,1,4.1482,1,1,1,111,Dormant / Lost
55356553-52de-4413-8c9b-f03d07339903,0,352,369493.6,4,4,4,444,VIP / Champions
558d184f-1c12-4e87-bcaf-5ffe57811760,154,3,59502.8,2,2,4,224,Mid-Tier
559b4db8-efde-4312-85e2-b69a3dbb5a0a,189,1,3080.0,2,1,2,212,Mid-Tier
559d1c53-465f-4168-99be-4dfdd3231295,190,2,59123.4,2,2,4,224,Mid-Tier
55adec96-436e-4e93-8314-72b6ba6cb018,493,30,1489.6,1,3,1,131,At Risk
55e33054-ea3a-46b8-ad8e-c3dee71e2bc9,0,343,338940.0,4,4,4,444,VIP / Champions
55f3285c-83f5-433d-8ade-edd304e583e2,487,2,35.0,1,2,1,121,Mid-Tier
55fb1ea4-8c7c-4311-99bf-bf1d615d9cee,86,86,11253.2,2,3,2,232,At Risk
5618de61-43cf-4db1-b703-70b6d766e9be,219,20,7562.8,1,3,2,132,At Risk
564dce90-62f3-4c68-83f2-3d20f802005d,382,3,3801.0,1,2,2,122,Mid-Tier
5668cfb8-a39c-4038-bbd6-82da2a59c066,0,336,259606.2,4,4,4,444,VIP / Champions
568968a6-2266-4dc5-9880-751379de6ed2,84,2,9160.2,2,2,2,222,Mid-Tier
56ba2e9c-f297-46e8-bf90-75e87b5d545c,76,2,5880.0,2,2,2,222,Mid-Tier
574c9191-cf2c-4a3f-a312-2e43983e1b90,141,1,17182.2,2,1,3,213,Mid-Tier
57d7609c-d04e-4431-b7c6-c5536cc1f73f,357,1,21067.2,1,1,3,113,Dormant / Lost
58154ce4-235d-40e3-8ee2-cde533d8ce15,170,235,798506.8,2,4,4,244,At Risk
588bb524-7a5c-4f5e-9d4f-0f88db4ae6f5,496,1,140.0,1,1,1,111,Dormant / Lost
5891d613-a377-44ef-b87d-f4a4356dd428,16,2,121.8,3,2,1,321,Mid-Tier
59a21ec6-c002-4484-b582-d1d0363229f2,0,217,26752.6,4,4,3,443,VIP / Champions
59e4150f-bc39-4d5d-a5b1-481f8ef4f9fa,0,353,513886.8,4,4,4,444,VIP / Champions
5a1b18c8-3d4c-4d8d-9b65-8760e8a96195,0,261,53498.2,4,4,4,444,VIP / Champions
5a227c3f-842a-4e28-be40-a783132de715,0,178,38098.2,4,4,3,443,VIP / Champions
5a9846ea-d3bb-4736-90c7-0750ca3d9212,24,1,140.0,3,1,1,311,New
5b36266c-34b0-40fc-8694-e16427d9e337,0,306,48454.0,4,4,3,443,VIP / Champions
5b7ac2a7-8630-40c0-ab36-8790bdd5b72d,318,2,34867.0,1,2,3,123,Mid-Tier
5b89e7e3-500b-44e3-90c1-838042b06ab8,0,32,46089.4,4,3,3,433,VIP / Champions
5ba38c0e-7253-45c2-8c9d-eaf536fba6b2,357,2,4408.6,1,2,2,122,Mid-Tier
5bd12136-a4dc-4455-b629-8e9733ce628b,189,1,1561.0,2,1,1,211,Mid-Tier
5becb78c-6802-4f49-a0a3-2091e5a582bc,97,5,36134.0,2,2,3,223,Mid-Tier
5c1bc375-cd63-4837-9df5-9c43e806ef63,0,104,3956.4,4,3,2,432,Mid-Tier
5c231ade-36f0-4a57-9be8-3bdf5332380d,0,335,1876939.4,4,4,4,444,VIP / Champions
5c2a76aa-c7f7-4aa7-b1bc-711f0430e59c,184,3,11197.2,2,2,2,222,Mid-Tier
5c8daf31-d157-436c-ba1f-49586d5dc7a0,0,31,1124.2,4,3,1,431,Mid-Tier
5c9e219a-68d3-4de8-9075-4936fdace250,91,2,19973.8,2,2,3,223,Mid-Tier
5ca62562-2f97-45e6-947f-50fd78d3e1da,0,78,2679.6,4,3,1,431,Mid-Tier
5ce81370-3405-4303-b733-d49b4bb6e65e,27,7,36765.4,3,3,3,333,VIP / Champions
5d3479db-b214-493c-8f2b-0daa7c75bf57,36,3,23224.6,3,2,3,323,Potential Stars
5d3c7a96-f210-48c6-adef-d0b2f7f2f4b4,0,331,131229.0,4,4,4,444,VIP / Champions
5d6b1989-332d-4c4b-b01e-2322460ccb9a,98,221,19308.8,2,4,3,243,At Risk
5d9b72e7-6001-4e9c-8729-a50c01f3c9ae,540,1,2.8,1,1,1,111,Dormant / Lost
5da79577-c8b2-4e6b-b605-e4ce7084c1a1,14,3,3519.6,3,2,2,322,Mid-Tier
5dba4d3a-c9b5-467c-9491-f5749625728c,0,321,62990.2,4,4,4,444,VIP / Champions
5dc3e908-5585-4bff-ab91-913c803fda27,280,1,39841.2,1,1,3,113,Dormant / Lost
5dcd6621-8f3f-4b77-a974-7652eff9d9d6,240,2,4323.2,1,2,2,122,Mid-Tier
5dfd0ed6-8311-4a2d-89fa-a3683f6e6362,97,5,22327.2,2,2,3,223,Mid-Tier
5e052d5c-a8dd-4f31-a703-918f73fd8c82,374,1,8482.6,1,1,2,112,Dormant / Lost
5e059f29-e4a0-4677-a310-ade60d84e701,10,3,87941.0,3,2,4,324,Potential Stars
5e8db808-a8a2-4019-8bb4-0073936b7584,0,287,241224.2,4,4,4,444,VIP / Champions
5ea38f62-a1d1-4807-b10f-5aba1597d74b,83,1,10803.8,2,1,2,212,Mid-Tier
5f0f394f-0cb2-499b-9171-146ad2cabf93,36,12,35929921.9996,3,3,4,334,VIP / Champions
5f186b3f-67b5-4c66-9266-184f45c63f6e,392,66,18160.8,1,3,3,133,At Risk
5f3d2ddc-28ef-435a-b254-613e4dc78e82,205,13,2604.0,1,3,1,131,At Risk
5f52437d-9073-4aba-9997-887689bf40b2,367,1,2.8,1,1,1,111,Dormant / Lost
5ffeb96d-46d4-414e-837f-94bf0d3535a9,141,1,13244.0,2,1,3,213,Mid-Tier
6027515e-1ed1-4572-9e4b-6fe028bb05c7,0,327,100942.8,4,4,4,444,VIP / Champions
605398d1-d293-492f-8332-69a6f74f7116,118,9,4704.0,2,3,2,232,At Risk
60cce9f8-6780-4a15-8f91-e7260ccbc71f,191,1,27406.4,2,1,3,213,Mid-Tier
60d4ad47-3e2f-4f21-9905-3b5ae0d8f420,135,1,6997.2,2,1,2,212,Mid-Tier
60f8e966-f8fe-403d-8a4a-a2fba55305b5,97,2,2170.0,2,2,1,221,Mid-Tier
610760c5-3d5e-468a-92bc-be2f6bdc808e,158,1,5460.0,2,1,2,212,Mid-Tier
61262a04-454f-4226-875a-5b0bc9dd7b34,2,114,3012.8,3,4,2,342,Mid-Tier
61db1ef4-5679-436a-8d6c-be2e43c9d251,0,321,346365.6,4,4,4,444,VIP / Champions
61fadcf7-ac99-415f-ab68-8fff15e31c6c,217,1,12063.8,1,1,3,113,Dormant / Lost
62103704-9359-48aa-86a9-6afc0f35812c,540,1,2.8,1,1,1,111,Dormant / Lost
6276f6bf-7842-4ad3-8af8-c704279b5631,0,354,336609.0,4,4,4,444,VIP / Champions
628d5dff-4a76-4fee-b84f-5fd664f2858e,170,1,2.8,2,1,1,211,Mid-Tier
62d1b2a4-b42b-47bc-8f35-ed97c48551e5,1,291,52773.0,4,4,4,444,VIP / Champions
62dd3875-26dd-4ae2-9ce2-39e5c3ac3778,84,1,3707.2,2,1,2,212,Mid-Tier
62ebe034-388f-4d0f-aeba-b1329b28f78d,7,2,7840.0,3,2,2,322,Mid-Tier
633b586a-7d80-4883-8116-11073ffb768d,0,293,34001.8,4,4,3,443,VIP / Champions
637ddf6a-8757-40eb-a709-822ab5c40b43,0,335,1192893.8,4,4,4,444,VIP / Champions
638fc372-f209-46de-8a49-74194dfda2d6,98,5,46298.0,2,2,3,223,Mid-Tier
63a73303-24e9-40ae-bf02-b3ad86826d8d,220,20,1869.0,1,3,1,131,At Risk
63aea407-7a99-4bd1-bb15-344bde13eb34,17,13,198168.6,3,3,4,334,VIP / Champions
63d32ce8-5a1c-49df-9a33-acdf7a3c557c,13,3,2419.2,3,2,1,321,Mid-Tier
63f0f275-7101-482f-a200-42c818550968,7,1,932.4,3,1,1,311,New
63ff3a6a-da6d-4bde-a316-ba19e138f934,111,1,1622.6,2,1,1,211,Mid-Tier
641a3833-f34e-4978-9a2e-08a71efad79c,135,5,52852.8,2,2,4,224,Mid-Tier
643cb83e-d254-437e-80ab-73c77cd4c08e,76,2,77.0,2,2,1,221,Mid-Tier
646c389b-4d7e-4d0f-8de4-f5a1ebbd480b,0,328,64682.8,4,4,4,444,VIP / Champions
648688f8-e8f8-4f9a-89c3-2d4443070ea6,269,1,2969.4,1,1,2,112,Dormant / Lost
6495774b-2e66-467d-b6c7-d99a4a622712,0,360,2281979.0,4,4,4,444,VIP / Champions
64faa881-a1b0-44e0-87c0-e0488a160d41,41,30,4732.0,2,3,2,232,At Risk
6547564f-77b7-4bb2-958f-9f8b0f2c6431,0,308,64393.0,4,4,4,444,VIP / Champions
65c9e24b-fea0-4189-953f-7ac61e45897c,0,282,35807.8,4,4,3,443,VIP / Champions
65d00208-05e4-4e15-91aa-c5ddcbbacc05,368,1,2.8,1,1,1,111,Dormant / Lost
65d4b4f2-0ea5-4f62-8a9c-21448502f7f3,1,320,21922.6,4,4,3,443,VIP / Champions
65e03626-5093-43df-adee-e513d93da44b,0,333,314130.6,4,4,4,444,VIP / Champions
65e7ce23-9ab8-46e1-a901-4398e7bcd602,70,1,532.0,2,1,1,211,Mid-Tier
65f7bd29-b1fc-4289-a93b-f29bf9aa1eb1,86,5,31081.4,2,2,3,223,Mid-Tier
65ff5cac-dacc-4e22-8977-b26e8c96791d,83,1,23436.0,2,1,3,213,Mid-Tier
6652ca5e-7756-406d-be27-4204e144868b,198,1,2.8,1,1,1,111,Dormant / Lost
668278af-6d60-4535-8a17-b2ce067a6ba7,38,1,484.4,2,1,1,211,Mid-Tier
67064f5d-6b03-414d-a4b6-20f4601db1fc,78,2,9571.8,2,2,2,222,Mid-Tier
67163235-8361-4ab1-947e-5c498af629be,91,1,8187.2,2,1,2,212,Mid-Tier
678d9564-aa23-4358-a5d7-aaa43837d842,3,211,13876.8,3,4,3,343,VIP / Champions
67b2cd49-5dc3-4df3-91d5-d2cf8062324c,345,2,7000.0,1,2,2,122,Mid-Tier
67ea8a71-86b9-42f8-a481-2a1f41a72a1f,367,1,2.8,1,1,1,111,Dormant / Lost
683a054b-a047-4783-b51b-f9d49a425220,365,1,2.8,1,1,1,111,Dormant / Lost
6879d62e-8e7d-4f8d-9610-866af70c718a,2,27,492.8,3,3,1,331,Mid-Tier
68a51ca7-1dd8-4aaa-8d47-3f590c7ea9d8,252,1,420.0,1,1,1,111,Dormant / Lost
68ed7d0a-f2a4-4c8e-b441-e60b0b151ec9,62,4,32716.6,2,2,3,223,Mid-Tier
693bd619-d44c-4493-8e93-839565c7e22a,0,22,5070.8,4,3,2,432,Mid-Tier
6994b99b-f1b1-4fd2-8339-250e9d8c3a57,1,257,212650.2,4,4,4,444,VIP / Champions
699be8ed-2dec-4f37-971d-d7138c47de5c,9,9,6414.8,3,3,2,332,Mid-Tier
69b15dc5-f6be-463d-82be-0b40e1a11ef7,374,2,4334.4,1,2,2,122,Mid-Tier
69ffb96f-543b-4485-b448-3f55335843b2,142,4,176264.19999999998,2,2,4,224,Mid-Tier
6a481298-2ad0-4a16-ad7c-72927cf86c57,0,28,31025.4,4,3,3,433,VIP / Champions
6a4a714c-a02b-48cf-ac93-ce599902ea2d,380,1,5490.8,1,1,2,112,Dormant / Lost
6a6158bf-00d0-4482-84ec-79044f48d629,184,1,2.8,2,1,1,211,Mid-Tier
6a6b9c44-ad8c-4e61-b802-872dd1915404,3,182,7574.0,3,4,2,342,Mid-Tier
6ad5e368-a2a2-40f8-871f-49c8654900bb,2,26,17049.2,3,3,3,333,VIP / Champions
6b34d1e2-886b-4b52-8db8-18d667e6bb85,7,2,254.8,3,2,1,321,Mid-Tier
6b6f288e-2c37-4b98-97d2-92dd348ce6d8,0,330,206642.8,4,4,4,444,VIP / Champions
6bbf8c2a-85cd-4535-bc8f-102dd89fc8f1,442,2,2240.0,1,2,1,121,Mid-Tier
6be00015-65b6-496b-994c-55a0e67b67c0,0,7,53564.0,4,3,4,434,VIP / Champions
6c088270-e9eb-4019-b7c8-fe3549e38e83,1,102,38088.4,4,3,3,433,VIP / Champions
6c7b1c0d-996b-4579-b6bb-b517354fee57,24,3,2714.6000000000004,3,2,1,321,Mid-Tier
6caf188c-6dfa-4df3-a9d6-a3913ff4ed07,16,2,2100.0,3,2,1,321,Mid-Tier
6cd70baf-f3d6-4945-bfd7-d22fac63fa88,496,1,2717.4,1,1,1,111,Dormant / Lost
6d2eaf19-f243-4deb-b7d1-c8eab62e9df3,472,1,2788.8,1,1,1,111,Dormant / Lost
6d4b7d5d-7703-4817-922b-2c36723e5443,3,6,12488.0,3,3,3,333,VIP / Champions
6d5d457a-77c2-4430-81f1-210217a2fac0,0,183,56624.4,4,4,4,444,VIP / Champions
6d946d71-3031-42c9-b2f7-330c66eb0f99,45,2,1047.2,2,2,1,221,Mid-Tier
6da21466-265a-45d7-add9-d22a82d2615e,9,5,1950.2,3,2,1,321,Mid-Tier
6e1d2829-82c5-411a-bb34-4b9395b22cd8,1,33,20655.6,4,3,3,433,VIP / Champions
6e2bdce7-2621-4e2a-a82e-b680aec0ef77,141,1,3024.0,2,1,2,212,Mid-Tier
6eb42eb6-eb45-4712-820a-5734bf5d1987,115,2,10886.4,2,2,2,222,Mid-Tier
6eeb09de-d752-403f-8b45-0a1553df474c,472,1,6283.2,1,1,2,112,Dormant / Lost
6ef68b9a-3285-4d8f-8aba-793919c3f663,0,136,4130.0,4,4,2,442,Mid-Tier
6f4332a6-0bd7-4429-9d54-ca5b220115e7,1,1,2.8,4,1,1,411,New
6f4f9d92-3c43-4771-ba5d-c2c482a91c2c,0,8,41020.0,4,3,3,433,VIP / Champions
6f97b52b-222e-4df2-a43f-bf61180db464,0,213,10075.8,4,4,2,442,Mid-Tier
6fcb5917-3c7a-47e1-8cf6-09b73f0078bb,259,2,241306.8,1,2,4,124,Mid-Tier
703b2a7b-d9ce-4e18-a811-38eed832cdc2,219,98,6748.0,1,3,2,132,At Risk
703c3459-cb6d-4327-85b3-6382664eda3c,142,1,4117.4,2,1,2,212,Mid-Tier
70bd1ba1-8ced-4ad5-9136-1f9a42033f09,374,1,960.4,1,1,1,111,Dormant / Lost
70f1ae0b-ba91-4aaf-84bd-e35720a3c408,365,1,2.8,1,1,1,111,Dormant / Lost
710b4f46-8146-43ed-aac6-8db0b088a5af,263,1,2.8,1,1,1,111,Dormant / Lost
714dd8b0-b47a-433f-91bb-c68d209cbca4,0,349,211090.6,4,4,4,444,VIP / Champions
715efa67-4c8b-4781-b930-acb84750e731,7,2,490.0,3,2,1,321,Mid-Tier
716fe8c4-0ca8-4158-a9cf-7879c7509ae8,1,268,95540.2,4,4,4,444,VIP / Champions
717ea639-fe7c-4ee6-a84f-bd1ec46b5a90,449,1,1197.0,1,1,1,111,Dormant / Lost
721b6245-94c5-494b-9586-24606e4449dd,41,32,4984.0,2,3,2,232,At Risk
721bb3df-cba7-41c3-8a66-df6c43ea85d7,43,2,34797.0,2,2,3,223,Mid-Tier
7283cabb-fec5-4272-afb2-231805380415,206,1,3897.6,1,1,2,112,Dormant / Lost
729d4685-2f26-4cc1-a38f-02d167d16108,0,338,281485.4,4,4,4,444,VIP / Champions
72a8cd54-97c0-487e-a1b3-1bfa60f880d3,0,90,365334.2,4,3,4,434,VIP / Champions
72a95e9a-5417-41e6-aa90-cb8d14afe08c,0,249,12852.0,4,4,3,443,VIP / Champions
72c8b7cd-5ffa-4322-877c-4f29877d7133,255,1,128.8,1,1,1,111,Dormant / Lost
7303e0b7-d1b7-4c50-a25f-9412852ccb57,22,137,5292.0,3,4,2,342,Mid-Tier
7366ae00-3483-44f9-a4f8-0f979ca859d2,0,34,6540.8,4,3,2,432,Mid-Tier
739911a3-4ebd-4179-a2de-5bbe0468a77d,15,106,4356.8,3,3,2,332,Mid-Tier
739eb0c3-1151-45c3-b9f2-612f09ab79fa,69,1,2867.2,2,1,2,212,Mid-Tier
73b44672-1323-4768-bd70-501285596b2f,0,17,16889.6,4,3,3,433,VIP / Champions
73ca148c-be18-43c8-a1f1-76e85960844b,0,339,159138.0,4,4,4,444,VIP / Champions
7411aa71-f4db-4ea0-bbe7-a7ebe1956b5b,125,75,2410.8,2,3,1,231,At Risk
7438857d-b0ad-4cbb-8a68-a1abed5a4cf2,225,1,14.0,1,1,1,111,Dormant / Lost
746acece-ad23-4be2-94ea-1323a67118e6,220,42,4113.2,1,3,2,132,At Risk
7488e452-edef-41b6-9495-a9a9e53017ca,494,19,1580.6000000000001,1,3,1,131,At Risk
74a50ca8-5d30-41c0-8455-68b99a60e80e,0,60,18228.0,4,3,3,433,VIP / Champions
74bab818-be65-4665-91fa-eee7636ac1c2,0,28,13557.6,4,3,3,433,VIP / Champions
74de5124-8833-445d-84d4-33f3e542b405,395,2,5075.0,1,2,2,122,Mid-Tier
75543932-a118-4c0b-aa78-765028da925d,3,47,625648.8,3,3,4,334,VIP / Champions
75577dc0-33c5-4426-a83a-bfa4a209f1cb,7,3,1691.2,3,2,1,321,Mid-Tier
75671d2a-1bc3-420c-bc53-be0b7b7a459e,442,1,7140.0,1,1,2,112,Dormant / Lost
75b91637-d7fd-4896-93eb-ee39f9b660c4,0,304,56978.6,4,4,4,444,VIP / Champions
75ce214f-0703-4457-89f9-911ed9126728,374,1,15400.0,1,1,3,113,Dormant / Lost
75d7bc8f-7376-4401-a3ee-c070962b049e,105,4,20813.8,2,2,3,223,Mid-Tier
75ec0457-f950-476c-8c08-0ed56a9fbf3a,0,161,55704.6,4,4,4,444,VIP / Champions
76560190-fa38-42be-bba0-ad66405a3798,0,275,118475.0,4,4,4,444,VIP / Champions
76724815-8621-4b37-ade6-47511e3f88f4,141,1,4358.2,2,1,2,212,Mid-Tier
76d21bea-904b-4b53-b0e4-376e6e6cd099,0,247,34455.4,4,4,3,443,VIP / Champions
76ecc3a3-b1fb-4f35-a785-11635d20b55d,42,195,11634.0,2,4,2,242,At Risk
76f7c5aa-1da1-4bbd-a1bf-ce27023c7b2e,367,106,52652.6,1,3,3,133,At Risk
771becab-9e93-409c-b46b-d9955c8bcb32,184,2,5.6,2,2,1,221,Mid-Tier
776b0ade-2866-477e-9d17-e396f1e1624d,0,306,131819.8,4,4,4,444,VIP / Champions
77c6fa10-5676-4413-911f-4769c9738c61,101,4,3444.7,2,2,2,222,Mid-Tier
77fcb349-a806-4e16-b4ec-767b2147da5a,0,4,980.0,4,2,1,421,Mid-Tier
780b2f23-1e9e-4d26-b324-d2e8e6fc0be8,0,341,78005.2,4,4,4,444,VIP / Champions
7813db80-022e-4b91-b9f1-b2bb54843ab8,199,1,700.0,1,1,1,111,Dormant / Lost
7880e75d-5460-47d6-b7f0-2da66872b61d,9,14,47443.2,3,3,3,333,VIP / Champions
790a0526-31d3-414e-8519-2e9e6adbf9d6,84,2,21099.4,2,2,3,223,Mid-Tier
7956f5d8-52dc-4970-bc7e-65a18ae9728f,329,45,4011.0,1,3,2,132,At Risk
7958c275-9b09-4499-9c2e-7831d067cc37,8,10,3469.2,3,3,2,332,Mid-Tier
7974678f-ddef-4a46-9c00-09164dba7ef2,97,1,560.0,2,1,1,211,Mid-Tier
7987cb8e-e4fb-45d5-85cf-4cc057cc8152,0,301,81897.2,4,4,4,444,VIP / Champions
79b80c5f-749d-4011-8918-4ae47b41760a,101,1,5320.0,2,1,2,212,Mid-Tier
7a077ce1-9cd0-4f11-88c7-5b08049e49e3,0,120,57177.4,4,4,4,444,VIP / Champions
7a0d163d-51c5-4af0-aead-b33c542f67c7,205,1,6150.2,1,1,2,112,Dormant / Lost
7a7311a0-8c08-4915-bb93-08275db32c6e,9,8,6440.0,3,3,2,332,Mid-Tier
7aecb3ed-2051-47b1-ae2a-3d7aea1b1cdc,395,2,28.0,1,2,1,121,Mid-Tier
7aeda2fe-8e83-4589-9e31-ca870bf9d0a5,2,220,9508.8,3,4,2,342,Mid-Tier
7afcedbd-9718-44ff-8ede-efc0e0185061,0,12,2975.0,4,3,2,432,Mid-Tier
7b029acb-2693-4da9-ad39-c3846505b25e,1,321,54206.6,4,4,4,444,VIP / Champions
7b3d5c0d-197b-42c3-9479-783627818daa,79,3,95522.0,2,2,4,224,Mid-Tier
7b6034e0-c1db-43bb-92ef-4a1027d26690,3,62,12471.2,3,3,3,333,VIP / Champions
7bbb45fd-f82c-4401-a491-9144fb0ad24d,494,1,19807.2,1,1,3,113,Dormant / Lost
7bcea058-f6e6-4a44-abcf-dadbe03fa2b6,7,49,2630.6,3,3,1,331,Mid-Tier
7c0ff12e-f1b7-4e50-b6a7-c861c52ca069,255,1,2.8,1,1,1,111,Dormant / Lost
7c24ac19-27d7-4ea8-977c-af065d537f8a,269,2,533.4,1,2,1,121,Mid-Tier
7c57f8c7-4af1-4da9-bb54-65b280ecb94f,1,102,25779.6,4,3,3,433,VIP / Champions
7ca221ee-bb61-4362-9346-49f8e2b2ce53,337,3,5392.8,1,2,2,122,Mid-Tier
7d0b5318-f23c-4488-a536-be007c42af45,1,26,1848.0,4,3,1,431,Mid-Tier
7d597be4-63cd-422d-b957-1ea98038cd7f,133,8,26864.6,2,3,3,233,At Risk
7d652028-a97d-47b8-9bf8-749bf9a1d436,36,3,9562.0,3,2,2,322,Mid-Tier
7d789e7b-6afe-42e8-95b7-07328e3ee9ec,197,5,122396.4,1,2,4,124,Mid-Tier
7d79b78a-f935-4623-ae5f-f0172817e000,0,352,711853.8,4,4,4,444,VIP / Champions
7e15ac8a-f529-45a9-a693-e5e7df8d1bf4,7,1,4905.6,3,1,2,312,New
7e7a37f1-2bf5-49e6-9e87-52da9cfbe887,28,330,249249.0,3,4,4,344,VIP / Champions
7ecea0ac-f43b-41c0-ae8b-e4732043ec74,291,12,10483.2,1,3,2,132,At Risk
7f4f8338-1f81-4747-83b4-8f06cc71c212,83,2,538108.2,2,2,4,224,Mid-Tier
7f5cba65-ebb6-4ff5-a27c-d6c047e9efd6,0,303,25488.4,4,4,3,443,VIP / Champions
7f68271e-cf8f-4d9b-a547-8b01d8418eb4,140,3,6827.799999999999,2,2,2,222,Mid-Tier
7f8830f1-67d2-4e00-9bd7-753524479498,0,253,39404.4,4,4,3,443,VIP / Champions
7f8f533d-270a-4906-8461-a9f133130e23,111,1,8908.2,2,1,2,212,Mid-Tier
7fe18b6f-cfa6-4347-92cc-56db433e2bd7,427,3,32.2,1,2,1,121,Mid-Tier
7ff8ffc1-3836-4d3a-aed5-1fdffa0e3264,0,336,589758.4,4,4,4,444,VIP / Champions
80485e32-a4aa-4fe1-a26f-3a97a86773fc,0,34,6991.6,4,3,2,432,Mid-Tier
8076fb59-2ca7-44d5-af95-ea50b3d4eec6,192,1,17273.2,1,1,3,113,Dormant / Lost
80a59620-3446-40b4-a58b-994b19bbe48c,197,1,1680.0,1,1,1,111,Dormant / Lost
80d58101-02d7-49e6-a8fc-d278224988c6,0,112,75700.8,4,3,4,434,VIP / Champions
813e16fe-6ab1-4e3e-9634-26cbfa3f549a,252,1,18033.4,1,1,3,113,Dormant / Lost
8177385e-e732-46c3-8550-04ec7c2f7412,0,241,26908.0,4,4,3,443,VIP / Champions
824441f6-fc29-44ed-8e0b-86b80826628b,14,8,497891.8,3,3,4,334,VIP / Champions
825f4404-466c-4219-ad6c-ea0d9396e174,191,3,34022.8,2,2,3,223,Mid-Tier
828a017c-7fd1-4774-8d89-6b5e4b9f1a02,1,209,77372.4,4,4,4,444,VIP / Champions
83154c44-b102-4626-b584-9962ea69fbda,34,4,41031.2,3,2,3,323,Potential Stars
835b023b-579f-4a66-af57-197297ff9edc,0,357,587752.2,4,4,4,444,VIP / Champions
83af24b4-a21c-40b4-b648-4efc7b061ef1,1,232,18725.0,4,4,3,443,VIP / Champions
83d1517f-5acd-43a1-b7c6-797ffaa6d30d,7,147,6792.8,3,4,2,342,Mid-Tier
83eacca6-f07a-463f-839a-5588f23cb46e,0,176,6619.2,4,4,2,442,Mid-Tier
8425ea1b-9c46-4db9-b370-f0c44d3f2b5d,485,28,2111.2,1,3,1,131,At Risk
84353a9e-1ac7-4c95-ab95-880d9deb6440,0,133,18638.2,4,4,3,443,VIP / Champions
84391146-0cc4-463e-8765-6077be33b03a,256,8,1442.0,1,3,1,131,At Risk
85451094-e35a-49cc-b0a8-673da9933425,240,5,40236.0,1,2,3,123,Mid-Tier
8564cc75-36ff-40ef-b64a-88c2982710db,0,285,37038.4,4,4,3,443,VIP / Champions
85c290d9-b4e6-46e8-8959-93e574445ed0,24,5,50443.4,3,2,3,323,Potential Stars
85ff665f-f46a-4899-b5a3-c7ed305b6b9b,185,2,28239.399999999998,2,2,3,223,Mid-Tier
8600da72-2622-4f3f-9d67-c2bc9e56bc77,196,3,3250.8,1,2,2,122,Mid-Tier
8603210c-8ca6-43e0-acee-ff4a177b4518,1,95,3813.6,4,3,2,432,Mid-Tier
860a830e-36fe-4e1f-8160-ec8a3f63ee6e,1,244,155957.2,4,4,4,444,VIP / Champions
8635e2fd-ad8a-4740-bde1-93f433e2c033,203,1,266.0,1,1,1,111,Dormant / Lost
86695f12-84d9-42ab-9516-a5737b00891a,0,220,225027.6,4,4,4,444,VIP / Champions
8693858e-574e-41e3-8513-c0c0a90fd16f,357,1,2259.6,1,1,1,111,Dormant / Lost
86ee3a55-00d0-4414-9692-a70b08f57f9f,2,128,5978.0,3,4,2,342,Mid-Tier
87d247ca-8f2d-4ecd-b257-121feccf86c3,24,1,140.0,3,1,1,311,New
87f72790-e3d4-4a6c-ae74-15038c2fd4e3,0,298,159047.0,4,4,4,444,VIP / Champions
8817d0dc-09b3-4e13-8d29-8122d6955e2f,8,25,17547.6,3,3,3,333,VIP / Champions
881b0d7f-3ea3-401b-9647-90d1fbe5075b,7,6,17304.0,3,3,3,333,VIP / Champions
881d314c-54eb-4047-ab28-e42760c648db,7,9,294876.4,3,3,4,334,VIP / Champions
882fded7-aabb-4170-90ef-a96bccfa0e61,0,24,22720.6,4,3,3,433,VIP / Champions
886b6cde-a80c-4136-8a07-da110904967d,347,1,1400.0,1,1,1,111,Dormant / Lost
8895dc0d-2ccd-4ea8-a576-1d79601b4cfd,2,31,36471.4,3,3,3,333,VIP / Champions
88c2901d-3716-4b20-8ff1-e42808f6204b,9,15,22069.6,3,3,3,333,VIP / Champions
88cd8d8b-2e53-43cf-a7aa-59c7a769ed4d,191,1,1848.0,2,1,1,211,Mid-Tier
88e09589-acad-41c3-be66-222d3e99b870,84,6,631642.2,2,3,4,234,At Risk
88e24bea-fd6f-44d9-bcb1-0d8081275dec,0,353,479763.2,4,4,4,444,VIP / Champions
88e60bf8-87ae-4605-85a7-62a3b5259dc4,7,3,585.2,3,2,1,321,Mid-Tier
88f9b2f8-56a3-4990-b8e7-73f312ad13ac,71,3,18788.0,2,2,3,223,Mid-Tier
891e679d-932c-4317-92f6-2175b8844f7b,1,116,6395.2,4,4,2,442,Mid-Tier
8959de30-c0bf-4524-b2be-bd637f162916,0,129,64863.4,4,4,4,444,VIP / Champions
8a0392e2-f467-4c73-9952-4994cd59c042,38,2,4452.0,2,2,2,222,Mid-Tier
8a134712-1f18-4b61-ab5b-439b1da39f03,0,44,2205.0,4,3,1,431,Mid-Tier
8a354bc7-0191-46d0-becc-b86a20434a5e,0,19,69696.2,4,3,4,434,VIP / Champions
8a55a749-41d4-45b6-a9c9-2f2f9c51987b,1,137,7114.8,4,4,2,442,Mid-Tier
8a75a6fe-5b61-45dd-a711-aea632a5905a,7,2,1960.0,3,2,1,321,Mid-Tier
8aab02d6-9bbc-44ac-8601-cd741577435a,3,15,1624.0,3,3,1,331,Mid-Tier
8ace0ec1-29ec-42dd-b8f9-da8a5c296181,7,6,16324.0,3,3,3,333,VIP / Champions
8b32677e-1758-43cf-9345-93d9cf2fb707,91,2,8489.6,2,2,2,222,Mid-Tier
8b3368c0-5f30-4b7b-8a6b-e3f5a85cb90c,0,342,187418.0,4,4,4,444,VIP / Champions
8b7f8d10-f864-465b-8da5-1b57a9aa5e25,57,3,27721.4,2,2,3,223,Mid-Tier
8b9b4e42-4720-4431-b050-f99edc285ec0,2,87,3718.4,3,3,2,332,Mid-Tier
8bc31233-be4a-4089-b6dd-1017f72b9d5e,374,1,820.4,1,1,1,111,Dormant / Lost
8bdd0207-4760-46ae-a411-070fe0c1289e,10,3,13900.599999999999,3,2,3,323,Potential Stars
8c0ff002-20c1-4066-8977-cd709383e6ee,13,36,44938.6,3,3,3,333,VIP / Champions
8c3c1c5e-04e7-4563-9019-6fb302e72926,0,354,1289682.8,4,4,4,444,VIP / Champions
8c4f63ca-dd86-438c-bc79-9a5423046852,104,2,15103.2,2,2,3,223,Mid-Tier
8c90c6d8-cf82-434f-b611-469fc8eabd1d,9,9,4614.4,3,3,2,332,Mid-Tier
8cd99b8f-f700-4f8a-bd90-796820d622b6,0,52,3495.7999999999997,4,3,2,432,Mid-Tier
8cf0648f-1135-4413-8022-f1042b1c5d2b,86,175,16237.2,2,4,3,243,At Risk
8cf8af15-e2eb-4287-8a33-e346f9bcc883,6,288,77462.0,3,4,4,344,VIP / Champions
8cff989c-3ab6-4880-9d69-ee4ec14ef929,298,1,0.84,1,1,1,111,Dormant / Lost
8d3041b9-15be-4f93-a476-c4a8d7cc7609,0,79,44678.2,4,3,3,433,VIP / Champions
8d32f458-5ee5-4dd1-b3a1-6f6669cc5b45,57,3,27717.2,2,2,3,223,Mid-Tier
8e263f30-6678-467f-97b6-314f8469bc40,333,2,51.8,1,2,1,121,Mid-Tier
8e514e5f-622b-4cc5-b4ad-90922149db06,0,334,62318.2,4,4,4,444,VIP / Champions
8e61746f-781d-43bd-bff7-ab01c651129a,234,55,2249.8,1,3,1,131,At Risk
8e8de3d1-f0cd-4da2-a072-6e3b23544027,6,65,34237.0,3,3,3,333,VIP / Champions
8eef8d78-8edf-42b3-ba08-f98cc37c2e2a,0,187,43362.2,4,4,3,443,VIP / Champions
8f5c8db1-9a6c-433b-b866-dc7156a990d3,0,333,335274.8,4,4,4,444,VIP / Champions
8f8bddd8-5085-4153-b0dc-b30de70199a3,42,6,504000.0,2,3,4,234,At Risk
90603862-6577-463d-ac88-0f1b818da8ec,189,1,1540.0,2,1,1,211,Mid-Tier
9061e92a-6bad-46df-baff-d7deeb76decd,106,3,20171.2,2,2,3,223,Mid-Tier
90e210df-0fe2-42e6-9b3d-c1d9306f8068,0,318,98743.4,4,4,4,444,VIP / Champions
90efde3b-c411-46f2-84ee-66a98e55a8ac,17,13,401262.4,3,3,4,334,VIP / Champions
91050fb7-e293-4d44-9235-55c7e1c4a881,2,25,28828.8,3,3,3,333,VIP / Champions
919edee3-ff2f-48ac-9310-0e71aaab2b2a,0,34,53536.0,4,3,4,434,VIP / Champions
91ca14d3-f706-4e0f-82e3-f7ccf778ff60,0,237,19430.6,4,4,3,443,VIP / Champions
91e75c21-4082-41a3-8308-b730ebe3c6eb,36,4,763.0,3,2,1,321,Mid-Tier
9216bb2b-d1db-439f-918a-4c027996991e,24,1,28.0,3,1,1,311,New
922f56a7-41e1-4cb9-a3c4-7b449b40506e,105,5,48858.6,2,2,3,223,Mid-Tier
9250cf86-4e37-42b1-9b5f-2aade931e5a1,442,1,10932.6,1,1,2,112,Dormant / Lost
92a13741-bcf0-4712-9ac3-8611b0408c6a,3,53,240667.0,3,3,4,334,VIP / Champions
92ca6535-70af-421f-a736-59ebb178c7fa,36,3,20104.0,3,2,3,323,Potential Stars
933dba9f-70f9-4b33-b077-220b7fd6877c,97,2,1514.8,2,2,1,221,Mid-Tier
939489f1-6d30-4e1b-b7f7-59b8e91a72f5,136,2,8702.400000000001,2,2,2,222,Mid-Tier
93aad060-5952-4263-aa42-3f0fa0b4a40f,255,1,357.14,1,1,1,111,Dormant / Lost
949b8ca6-5963-4b2f-868c-9d6d6f503af4,36,5,20708.800000000003,3,2,3,323,Potential Stars
94d9be80-7443-482e-820f-9eb519cd465c,27,8,267320.2,3,3,4,334,VIP / Champions
94fcd8e6-cf0e-4d4f-b617-a7b707d574fb,22,90,3060.4,3,3,2,332,Mid-Tier
953d3409-bc33-4a5b-8417-9785ceea598a,507,1,210.0,1,1,1,111,Dormant / Lost
954c3cd8-c29d-43bd-ab26-ab9159368003,111,1,6143.2,2,1,2,212,Mid-Tier
954d8c89-ff3c-4a63-ab56-a979c04b472d,9,133,321433.0,3,4,4,344,VIP / Champions
95ae0cbd-9790-46da-82ba-43e81a840149,0,343,530730.2,4,4,4,444,VIP / Champions
95c5aa4d-fb16-42f0-b789-448af92d2860,382,3,2550.8,1,2,1,121,Mid-Tier
95dcf1d0-1bd4-45be-8f00-5ea86c22a5ba,191,3,25942.0,2,2,3,223,Mid-Tier
95e2b824-01eb-46b1-a49c-64028eb53a05,225,1,5.7946,1,1,1,111,Dormant / Lost
962fc7d5-63b0-4d56-a853-9ffc078e2da2,70,7,4751714.8,2,3,4,234,At Risk
9652afb2-3ad3-4344-a059-72a1e465dd4f,0,127,12558.0,4,4,3,443,VIP / Champions
96912918-5f9f-4a9d-9f9b-18ec3464d626,198,1,240.8,1,1,1,111,Dormant / Lost
96bf8130-6f00-4e56-bfc8-5772191c6712,219,1,128.8,1,1,1,111,Dormant / Lost
96e7bfdc-7063-4ab8-b0c8-7e7b2184361c,0,349,1596912.8,4,4,4,444,VIP / Champions
96ef3816-4077-4060-b7db-c0377cba82fd,0,93,5003.6,4,3,2,432,Mid-Tier
970802cb-bf82-4d54-bced-5fd53cd9faf2,255,6,189509.6,1,3,4,134,At Risk
9710513e-7166-4a82-9fb6-b1edecd65528,1,25,144.2,4,3,1,431,Mid-Tier
974e6434-6c4d-4a5a-a72c-be8a2ae0c767,0,104,12224.8,4,3,3,433,VIP / Champions
977624d0-8ff9-4148-9782-6a36364c4f47,442,2,17466.4,1,2,3,123,Mid-Tier
97ba5cc4-9382-44d7-b0da-c4aa32594c3c,494,1,2.8,1,1,1,111,Dormant / Lost
97c9c738-5637-438e-a028-f96b24361bc1,0,322,812660.8,4,4,4,444,VIP / Champions
980c4fed-85c9-48f9-aefb-cb2d7c6bd8eb,417,1,7543.2,1,1,2,112,Dormant / Lost
98578305-cbf4-4e27-810b-124ea5b3afd6,1,200,171354.4,4,4,4,444,VIP / Champions
985d5c0b-ca0e-4763-ac11-f63b54490e06,373,2,28.0,1,2,1,121,Mid-Tier
98a13be8-1d78-4abd-abe5-8666b0b36c9b,184,1,2.8,2,1,1,211,Mid-Tier
98a1cd1c-5415-4118-bfe0-a04290653141,13,48,6911.8,3,3,2,332,Mid-Tier
98e0a7ad-af2f-43f5-8c62-6f5b4b900abb,24,19,32443.6,3,3,3,333,VIP / Champions
99095d16-f2ff-4a3a-a59d-e2348db4efb2,0,106,261150.4,4,3,4,434,VIP / Champions
992da4da-2d2c-46a4-94e6-9f1b892bc6fb,55,55,16273.6,2,3,3,233,At Risk
994c0edb-a7b1-47ac-a2c4-4b42809d9274,0,30,63840.0,4,3,4,434,VIP / Champions
99b34be1-c873-4c4b-9a71-a04427797219,56,2,41185.2,2,2,3,223,Mid-Tier
99bedc5a-340a-498a-8f58-876ee5f3b93e,197,2,254744.0,1,2,4,124,Mid-Tier
99cc8863-aa14-4deb-8da4-dc018c0a74f8,9,5,58147.600000000006,3,2,4,324,Potential Stars
9a191882-6e33-47fd-ab36-2f29d26463a6,0,267,681758.0,4,4,4,444,VIP / Champions
9a48bf55-7c43-4380-b330-41f6a7617e04,1,272,129991.4,4,4,4,444,VIP / Champions
9a92d291-a775-4e6a-94fd-765e884ba392,0,263,26759.6,4,4,3,443,VIP / Champions
9b38f600-971a-4593-8af3-d84bbcc89872,442,1,3049.2,1,1,2,112,Dormant / Lost
9b437911-cbcd-47e5-91c2-e65b09a5a53a,191,4,18480.0,2,2,3,223,Mid-Tier
9bc0f716-5fd2-4c6c-8696-21ecfe15fd94,0,245,169848.0,4,4,4,444,VIP / Champions
9bef9407-fd54-42ef-9616-12efc2ea6ad1,2,2,161943.6,3,2,4,324,Potential Stars
9bfeb00a-c4bb-4d89-acaf-6d7f2a02fb44,0,109,14029.4,4,3,3,433,VIP / Champions
9c3aefe6-f061-43cf-a35e-9b2af401d34f,0,297,73011.4,4,4,4,444,VIP / Champions
9c77dd4e-311c-4cb2-9abb-18e793000fd0,69,143,6150.2,2,4,2,242,At Risk
9c9659cc-fdf8-41e8-a016-a91f9a951091,28,6,195433.0,3,3,4,334,VIP / Champions
9ca93ab3-1679-465b-ad79-56493cb9d139,141,1,571.2,2,1,1,211,Mid-Tier
9cb78219-c5d8-4ed7-8ca8-c2e0d6c1bf68,156,251,554691.2,2,4,4,244,At Risk
9cc0adba-3101-4dcd-98fe-ddf3ed3dd569,141,2,55776.0,2,2,4,224,Mid-Tier
9cca9c7c-addc-423e-b5b0-6ef3f928dead,1,1,2.8,4,1,1,411,New
9d6c265b-e7d1-4456-a5e2-18197c69a97d,0,315,157911.6,4,4,4,444,VIP / Champions
9dc1731a-8478-478c-9579-628d9ad8434d,38,2,2324.0,2,2,1,221,Mid-Tier
9dc40a5f-a465-4b04-867f-4ca612e9dce0,1,214,32331.6,4,4,3,443,VIP / Champions
9df79458-3853-4677-a5da-1924ad41cea8,7,2,2380.0,3,2,1,321,Mid-Tier
9e1c5c96-0940-4c9c-9f73-88ae04d28614,115,1,1520.4,2,1,1,211,Mid-Tier
9e50a17c-bdd7-4f90-bbb2-735e1af7edf2,69,3,3743919.2,2,2,4,224,Mid-Tier
9e5aba73-70c7-4c4b-be2a-cece8911e715,69,24,3271.8,2,3,2,232,At Risk
9e8bbf69-ad00-4a3d-aea7-cc7b041468b2,1,209,12889.8,4,4,3,443,VIP / Champions
9f029ac1-faa1-4b3a-a493-2a2cd7e9bae7,3,26,174753.6,3,3,4,334,VIP / Champions
9f229ead-1e87-4416-ac77-0beec8e6c2cc,83,3,3828536.6,2,2,4,224,Mid-Tier
9f242247-5641-418e-acbb-670089e723f0,259,2,129942.4,1,2,4,124,Mid-Tier
9f52e7d4-9ec8-4f0f-b870-387d30e65150,22,1,4594.8,3,1,2,312,New
9fdd93d2-d24c-49d6-ab2e-2bbb3c860605,108,3,38189.2,2,2,3,223,Mid-Tier
a0192797-9e88-4909-93e4-c1ea78f8c4a1,0,221,41360.2,4,4,3,443,VIP / Champions
a033b05e-d39f-4f93-866c-f491ee589c22,0,258,27008.8,4,4,3,443,VIP / Champions
a04d9dc0-4e95-45ab-9dbf-be27dcee774f,43,7,3095.4,2,3,2,232,At Risk
a06ff28a-2003-4966-aad4-317103164c5f,15,66,3392.2,3,3,2,332,Mid-Tier
a086eed6-b0e3-495f-8e01-2dfcbcacbc1b,0,51,2783.2,4,3,1,431,Mid-Tier
a0891d94-f294-4039-bcbb-96cc30eb3b45,63,4,21337.4,2,2,3,223,Mid-Tier
a0ed9eeb-36fd-4366-8d7b-28705432725f,0,337,181060.6,4,4,4,444,VIP / Champions
a12cff01-e951-4eb6-9aa5-eefa0631c33f,0,337,625056.6,4,4,4,444,VIP / Champions
a184e609-2a47-46b0-930d-128f692a8d88,73,1,448.0,2,1,1,211,Mid-Tier
a1a87686-1683-469a-bf22-7711fa3609df,38,31,4004.0,2,3,2,232,At Risk
a1f4b080-5b2b-4f9f-bc47-b9afb29e2133,57,1,739.2,2,1,1,211,Mid-Tier
a28954d9-05d8-4da4-be6a-6e5fbf2ec348,0,166,8645.0,4,4,2,442,Mid-Tier
a300be75-2f59-4baf-ae01-a72a5eb54822,0,2,3024.0,4,2,2,422,Mid-Tier
a30d7f7d-9a94-4d8e-a203-7141e23ac07f,141,1,672.0,2,1,1,211,Mid-Tier
a36a070b-cac8-41d4-9d01-3f940fcee262,13,7,1223.6,3,3,1,331,Mid-Tier
a3aa4d8f-1b79-4720-899d-14b5d2e5e0b7,358,2,100.8,1,2,1,121,Mid-Tier
a403c8df-2a50-4b75-a569-6504ab2cf8b6,7,170,15199.8,3,4,3,343,VIP / Champions
a4856cb9-df37-41c7-ab31-e903b2428127,0,340,910800.8,4,4,4,444,VIP / Champions
a534a069-2289-4394-a786-ea3b3e8c8299,1,134,5581.8,4,4,2,442,Mid-Tier
a5367f35-855f-4a66-af1f-868077d48aab,28,109,4524.8,3,3,2,332,Mid-Tier
a5651698-558f-4df1-be7f-3ba2e9a77c66,476,1,5.6,1,1,1,111,Dormant / Lost
a5d3d970-b4fc-4b5e-a4bc-40366d7dd5b4,141,1,21039.2,2,1,3,213,Mid-Tier
a612071b-995d-488a-8fea-93b2fb0ba9d9,386,48,1908.2,1,3,1,131,At Risk
a6945d49-2f81-45b4-a0ea-a76a8abda536,379,1,1400.0,1,1,1,111,Dormant / Lost
a6ebb48b-4441-4dac-a758-3237b53ce9f9,8,43,326585.0,3,3,4,334,VIP / Champions
a7539f06-e851-46d8-93bb-b9812d84aa2b,309,2,20437.2,1,2,3,123,Mid-Tier
a76d4fb8-c40c-4d2d-9787-d25fd7dd8a62,9,6,4706.8,3,3,2,332,Mid-Tier
a79fae6a-3e18-4438-a5f5-4672339d3b1b,0,147,9758.0,4,4,2,442,Mid-Tier
a7a7e2b3-1e7e-4737-b1f2-2ae63e097fee,23,2,4503.799999999999,3,2,2,322,Mid-Tier
a7cb1ff0-14c8-49bb-9a7b-bb9f52e05df3,367,1,2.8,1,1,1,111,Dormant / Lost
a7d2dc2e-337e-49d8-9cd6-0b7baddb9f72,545,1,33.6,1,1,1,111,Dormant / Lost
a7feb0c7-5a80-4e2b-b41d-e0d08ab117dd,196,96,9535.4,1,3,2,132,At Risk
a80253e1-2e80-4fb2-8c09-638195c29b67,43,2,1738.8,2,2,1,221,Mid-Tier
a8607edd-f062-49f4-8c38-8e44185f22cd,1,56,3927.0,4,3,2,432,Mid-Tier
a8c8cb86-a2ef-4744-aa68-61b354a85c94,16,18,42344.4,3,3,3,333,VIP / Champions
a8cbec11-12d4-4a9b-9ca1-43b99ab5fa7e,136,2,9199.4,2,2,2,222,Mid-Tier
a8deb733-15d0-4f70-97bf-db08e6abf81d,252,1,13714.4,1,1,3,113,Dormant / Lost
a91925fe-4b8a-4826-b52b-cdea3125abdd,50,32,631.4,2,3,1,231,At Risk
a9376e35-1c49-49e3-bfda-3f4986f6afdb,189,1,1512.0,2,1,1,211,Mid-Tier
a99a3e6a-e0e1-4d1a-a917-4227b67ecc46,134,1,1471.4,2,1,1,211,Mid-Tier
aa9cd0b5-b0af-4071-abca-2e371cef8937,1,298,35186.2,4,4,3,443,VIP / Champions
aaceef9c-cfc7-463a-93cc-c65568683f41,0,146,9083.2,4,4,2,442,Mid-Tier
aad67e86-ed98-4420-a191-69e63db3f541,210,1,470.4,1,1,1,111,Dormant / Lost
ab1e0f64-ebdf-45e9-8f67-7318e414bae9,97,83,2507.4,2,3,1,231,At Risk
ab2d1b88-fe0a-4cbf-808c-4a2084bba5b0,1,89,4029.2000000000003,4,3,2,432,Mid-Tier
ab93a56d-8daa-4baa-acac-35238f3e7ec4,0,61,212116.8,4,3,4,434,VIP / Champions
abdf3a99-8aeb-40dd-a52a-a138e56158f5,37,1,77000.0,2,1,4,214,Mid-Tier
abe3ff62-c178-4dc5-849c-894a4d4b5056,1,35,1604.4,4,3,1,431,Mid-Tier
ac16e1ca-7a1a-4ab0-82e3-3de8d03a68ae,0,356,753828.6,4,4,4,444,VIP / Champions
ac2cd214-d949-457d-866f-f5b25aabf174,15,1,27669.6,3,1,3,313,Potential Stars
ac658685-7121-43d9-8826-26555a1413dc,76,2,2800.0,2,2,2,222,Mid-Tier
ac8f4618-b0c1-4348-86c5-e77a4f91e013,443,2,2800.0,1,2,2,122,Mid-Tier
ac9b9125-0209-432e-a5a4-2fcab6a954c1,211,10,1485.4,1,3,1,131,At Risk
ac9e54a6-eca3-49af-bf6e-b38ba501d1d3,141,1,504.0,2,1,1,211,Mid-Tier
ad5f13be-2e03-4273-9b16-3d073e2a7970,540,1,2.8,1,1,1,111,Dormant / Lost
ad68f3a7-3d49-4251-8657-85d84194a35a,0,319,311108.0,4,4,4,444,VIP / Champions
adc1cf47-ca1a-4c68-b8cb-e32b8ebe6f2e,312,1,107650.2,1,1,4,114,Dormant / Lost
ae2375ca-9351-4d66-b11d-093180c39a73,24,4,33040.0,3,2,3,323,Potential Stars
ae661473-4b88-486d-a91b-80dbb47ccdf3,115,3,18715.2,2,2,3,223,Mid-Tier
ae814e9c-8368-4c43-a8c8-afc49ceaf480,23,15,645.267,3,3,1,331,Mid-Tier
ae9213c5-1f99-4f02-a036-53db68b55873,0,283,340452.0,4,4,4,444,VIP / Champions
aea29891-ba12-4c92-bc6d-609ef1dca0b0,184,2,5.6,2,2,1,221,Mid-Tier
af1a5c6f-d7ef-410f-8b13-0d2c7582c256,0,34,93112.6,4,3,4,434,VIP / Champions
af683476-6bb5-4cf4-bf56-593da9efdd16,15,84,5439.0,3,3,2,332,Mid-Tier
afe605c1-cbbc-4846-af87-e45fca85ed04,0,260,25804.8,4,4,3,443,VIP / Champions
b000042c-f763-4cd1-8eb7-ae0bd8dfa32d,1,95,42555.8,4,3,3,433,VIP / Champions
b01408b6-dd2f-447a-b048-3ae9d1d7beaa,77,91,25372.2,2,3,3,233,At Risk
b024528f-e767-4e2e-b955-bffca9eb0735,226,1,420.0,1,1,1,111,Dormant / Lost
b031a4dc-406d-435e-89a1-ee66c544ab37,197,1,2800.0,1,1,2,112,Dormant / Lost
b0603abe-7c1d-4134-bb64-e7e6179fe807,16,15,7576.8,3,3,2,332,Mid-Tier
b071ab4b-35fd-415b-a9b1-fd0e0941f6ba,0,338,159684.0,4,4,4,444,VIP / Champions
b07e75ec-e439-4a09-a3a5-2ec0a200d327,8,2,411.6,3,2,1,321,Mid-Tier
b092f5ee-d89f-4d29-9d80-b1e3b0ef5a3a,144,2,14040.6,2,2,3,223,Mid-Tier
b0cfa288-c0a1-418b-8ff3-773cbef3aac1,104,2,15752.8,2,2,3,223,Mid-Tier
b0eeecda-fe55-4e37-ac3e-a2a79b4550f0,210,1,3018.4,1,1,2,112,Dormant / Lost
b11868d5-b0b4-4e66-9385-549ebc0627d6,70,5,433.23699999999997,2,2,1,221,Mid-Tier
b172ff22-c033-4d8f-af4d-4fbc704f8839,85,1,210.0,2,1,1,211,Mid-Tier
b175bb88-b571-4ade-9059-b6a65d274ef6,252,1,18572.4,1,1,3,113,Dormant / Lost
b182281b-e70f-41e7-8dca-5dc9672c9b76,0,352,308925.4,4,4,4,444,VIP / Champions
b18f2681-3ce2-4f26-aeb2-4daadcf876d9,23,1,26584.6,3,1,3,313,Potential Stars
b29739e8-9e24-440d-9054-9194878faac8,283,10,24127.6,1,3,3,133,At Risk
b2b9a110-f871-46ef-80f0-d49873ab9617,1,9,7189.0,4,3,2,432,Mid-Tier
b302f45a-1a1c-4ae3-b057-67a4e7186d82,220,45,5948.6,1,3,2,132,At Risk
b3052ab6-d900-4cd5-80ce-9bc43798487b,97,2,1996.4,2,2,1,221,Mid-Tier
b3276cc1-5204-4dff-a4be-b8df4cda8dc2,133,1,994.0,2,1,1,211,Mid-Tier
b3a0f642-5582-4305-996c-f68b59d90ea4,221,4,464402.39999999997,1,2,4,124,Mid-Tier
b3ee92cb-7c6b-49cc-8d16-d3b64cc5efc9,190,1,91729.4,2,1,4,214,Mid-Tier
b4031522-30fe-4556-a835-31199379c685,496,1,1932.0,1,1,1,111,Dormant / Lost
b44a9f71-5499-401c-a6d6-0c3e7d10134e,44,3,13980.4,2,2,3,223,Mid-Tier
b44be102-52fb-4fc7-a097-2006c2a9895d,1,242,414726.2,4,4,4,444,VIP / Champions
b4526702-7b5d-4ed5-b521-3e8589b65864,9,22,750314.6,3,3,4,334,VIP / Champions
b4753efd-d3d0-4a4c-96c9-fc68f99864ba,6,4,54101.6,3,2,4,324,Potential Stars
b49a26b3-857e-4947-a619-089a74d06919,30,294,46695.6,3,4,3,343,VIP / Champions
b4a44bd1-e1fd-4b82-aa75-4d376515c5d4,16,9,239703.8,3,3,4,334,VIP / Champions
b4b3542b-49a7-4388-a441-0b249d407a96,322,1,4037.6,1,1,2,112,Dormant / Lost
b5775ad1-c50f-4b72-ab1d-5159949e5a31,0,349,129624.6,4,4,4,444,VIP / Champions
b59b615a-90ad-4d15-b6ca-a1f9a3d71172,41,3,11972.8,2,2,3,223,Mid-Tier
b62afba6-0d1c-419a-8971-5dfb2935392a,14,54,4298.0,3,3,2,332,Mid-Tier
b642ab9d-9e8a-453d-a197-4459bf6f3fdf,24,4,8691.2,3,2,2,322,Mid-Tier
b6f8faca-2690-4160-a5ae-fe9712efedfc,9,5,2268.0,3,2,1,321,Mid-Tier
b7666722-8098-48ad-9139-954330029434,0,299,38806.6,4,4,3,443,VIP / Champions
b798a82b-5312-4fe5-9361-4aecc19a1a5e,259,3,7438.2,1,2,2,122,Mid-Tier
b7c2706c-4054-4bb6-bbf2-540bfaebca67,44,7,25202.8,2,3,3,233,At Risk
b7f64b76-270e-4836-8c8c-2b30c5068bc1,8,27,22061.2,3,3,3,333,VIP / Champions
b802dca7-9077-4835-819a-e3a45f5f2b12,27,3,18816.0,3,2,3,323,Potential Stars
b892d78c-c0e5-4605-8dc9-211d9128d6a0,23,237,174722.8,3,4,4,344,VIP / Champions
b8a0ed5e-0297-4dfb-8d1f-5d15550b5e37,1,214,19147.8,4,4,3,443,VIP / Champions
b8a8fde1-c3e4-4f0e-84cf-da056e525c81,16,8,34955.2,3,3,3,333,VIP / Champions
b8b7f86a-6185-4a95-806d-a2ac5d5a3689,111,1,2898.0,2,1,2,212,Mid-Tier
b8bc6920-fca2-44ba-98cc-75fc24a75bb9,73,1,683.2,2,1,1,211,Mid-Tier
b8f87ac2-4ebd-4ee6-a14c-8a2d4d900f06,0,316,46552.8,4,4,3,443,VIP / Champions
b909c5f4-75b0-4b2f-8810-595d1880ad5f,0,26,32239.2,4,3,3,433,VIP / Champions
b919aedc-1e90-4f8d-a190-6610a75a80e7,1,6,7938.0,4,3,2,432,Mid-Tier
b944673e-45f8-4773-a825-9df0e31c3228,1,307,474721.8,4,4,4,444,VIP / Champions
b975cb88-dd7a-4e77-84b9-bc4def149952,494,1,2.8,1,1,1,111,Dormant / Lost
ba5306d2-8391-41fe-81b5-66926e70e7f2,69,1,756.0,2,1,1,211,Mid-Tier
ba94e9f0-9a94-461b-93dc-155aa78dec25,366,10,1232.0,1,3,1,131,At Risk
bad051e3-46fb-4367-8982-c89cb128d7ee,24,2,652.4,3,2,1,321,Mid-Tier
bb2ba635-9c80-4c7c-bc8a-18f85cf3412a,136,34,616.0,2,3,1,231,At Risk
bb405917-f867-46ba-bc23-97131422561c,0,239,18453.4,4,4,3,443,VIP / Champions
bbb731e5-351b-4877-a300-eba9ef95351c,442,2,53158.0,1,2,4,124,Mid-Tier
bc0566d8-349b-493a-a021-8052bbeaac87,36,8,1188.6,3,3,1,331,Mid-Tier
bc060377-071d-49ea-81c4-a77c757ab191,9,5,2573.2000000000003,3,2,1,321,Mid-Tier
bc1a7185-4083-484d-b7f8-903daf077a8c,0,339,57755.6,4,4,4,444,VIP / Champions
bc33dfa7-3fb4-4572-b8b6-709d00982a7a,0,192,7760.2,4,4,2,442,Mid-Tier
bc4dbe14-c278-4d97-ac3e-207a00cacb5c,0,297,146221.6,4,4,4,444,VIP / Champions
bca41c07-4e4a-4098-bcdc-77599d4e9151,7,172,6851.6,3,4,2,342,Mid-Tier
bcce7b95-eafe-4434-8bf1-f78299f1ff3b,0,333,293934.2,4,4,4,444,VIP / Champions
bd73ca0c-fc8b-4fa8-a817-e51c6ed21de6,476,1,109.9,1,1,1,111,Dormant / Lost
bdea6f2b-dd5a-4d49-8937-f538812ac149,1,13,1379.0,4,3,1,431,Mid-Tier
bdf75d90-386a-49d8-8e03-3e64d3517bb8,0,29,80102.4,4,3,4,434,VIP / Champions
be11587a-1e52-4121-8692-db7ed87d0b99,86,17,254.8,2,3,1,231,At Risk
be4e2edc-af09-49c4-90cd-129adf480dd1,7,134,6386.8,3,4,2,342,Mid-Tier
bebeac5f-5050-4308-adf1-d1d10dd35e7d,0,303,104185.2,4,4,4,444,VIP / Champions
bee0cb13-d553-4658-bf0a-535253d1a377,141,1,694.4,2,1,1,211,Mid-Tier
bf0ca328-9a27-4291-9e1b-ca5a3433773b,211,11,2718.8,1,3,1,131,At Risk
bf2208fc-8e94-4ef7-9c05-b85e024974fe,256,8,8148.0,1,3,2,132,At Risk
bf52c6c3-2eef-49ac-9b7d-96376a56fff7,0,23,34157.2,4,3,3,433,VIP / Champions
bf7a440d-04b4-4f3b-bfdd-437526d29b8e,16,3,1610.0,3,2,1,321,Mid-Tier
bf9911e4-fcf9-4b7c-a769-6344f9911448,70,2,1694775.6,2,2,4,224,Mid-Tier
bfc2b461-02dd-4a89-8952-4776ebd47fc1,36,3,8465.8,3,2,2,322,Mid-Tier
c00934ff-d159-4c7c-9019-e4ab535ab017,0,280,123207.0,4,4,4,444,VIP / Champions
c02651b3-4ac7-451a-b9a2-e45534d045f6,0,352,215546.8,4,4,4,444,VIP / Champions
c0580da3-b4e6-4d2b-91b3-bf0b655cd185,234,6,14715.4,1,3,3,133,At Risk
c0885283-8e85-43cb-b427-3fcf8779fa76,7,4,47737.2,3,2,3,323,Potential Stars
c0f88fa1-2d84-4d9d-a9fc-af3c44785c26,1,279,223850.2,4,4,4,444,VIP / Champions
c1d3635d-6bcf-4bca-bc64-cc0fd0dd19db,1,348,631953.0,4,4,4,444,VIP / Champions
c1d406ae-3422-4495-a08e-b924e8a5de7a,493,14,551.6,1,3,1,131,At Risk
c2141fad-20e4-4e27-a939-99b4f25ec16e,240,4,52572.8,1,2,3,123,Mid-Tier
c2562cc0-4943-4796-9c85-af37cc09fbe8,1,280,19801.6,4,4,3,443,VIP / Champions
c2b87e68-e79d-4674-be80-d726ea250bea,9,13,10670.8,3,3,2,332,Mid-Tier
c2e517b0-73c8-4692-9327-4b12bd79fa03,3,14,10976.0,3,3,2,332,Mid-Tier
c32ad704-d90c-4b83-8896-96e67ea8b2e8,161,120,18848.2,2,4,3,243,At Risk
c3b54755-8c88-4512-9bda-dc6d3f103211,3,46,26367.6,3,3,3,333,VIP / Champions
c42b21f0-5dd8-41e9-a07d-b2b43280f699,22,29,841.4,3,3,1,331,Mid-Tier
c43f248e-5f89-456e-8928-3b7deecc5513,101,1,1934.8,2,1,1,211,Mid-Tier
c46717ef-60ab-48ef-8195-b3df89c2250c,302,2,15.4,1,2,1,121,Mid-Tier
c4d78323-6fa0-411d-a705-4a02b5d1e719,203,1,26947.2,1,1,3,113,Dormant / Lost
c51f5e96-1f6e-4186-9ea3-e9f2a7e603c4,252,1,33530.0,1,1,3,113,Dormant / Lost
c5324858-c287-492a-89b4-378cfc1166b4,1,148,6116.6,4,4,2,442,Mid-Tier
c53b0e78-0063-4101-bc2b-69f66c368f9b,42,4,9172.8,2,2,2,222,Mid-Tier
c540e177-5db5-4af4-93c2-e19f8f315f76,10,29,1892.8,3,3,1,331,Mid-Tier
c548dc65-bceb-41a1-a632-4df6231d1598,3,88,4223.8,3,3,2,332,Mid-Tier
c54c15dc-6b19-4c82-87f2-7fa9c843a2ef,196,2,42000.0,1,2,3,123,Mid-Tier
c605729c-c4a5-4a37-bd35-4a577e7ccfbe,0,357,1786226.4,4,4,4,444,VIP / Champions
c640265f-5b8f-4257-ab78-c3c13c3d0567,240,16,20339.2,1,3,3,133,At Risk
c6406c79-cca5-4f28-ab18-f5ec66ef9a56,16,4,3530.8,3,2,2,322,Mid-Tier
c6c98fc4-df4a-4a30-a15e-bb89d7ce65fe,9,7,7196.0,3,3,2,332,Mid-Tier
c7217865-4b0d-4b96-8bb6-7d845202c1fe,8,39,25337.2,3,3,3,333,VIP / Champions
c7866724-abb4-4747-8e70-2c8364c70d79,284,1,555.8,1,1,1,111,Dormant / Lost
c7a0c94b-e932-40de-88a8-e5476bc0a242,192,1,316.4,1,1,1,111,Dormant / Lost
c7b43dec-0b9b-4938-98e5-b3473a055442,150,1,1.4,2,1,1,211,Mid-Tier
c7f426b3-64ec-45a7-b0a2-18e3c92e3252,367,1,2.8,1,1,1,111,Dormant / Lost
c83dc9a6-f67c-48bd-b765-8057ebf8e8d5,9,14,7158.2,3,3,2,332,Mid-Tier
c85571fa-79fd-49f4-b800-5f559eac005d,191,1,18429.6,2,1,3,213,Mid-Tier
c89c8c3e-b26e-4976-8068-8885aca4f289,252,1,4620.0,1,1,2,112,Dormant / Lost
c8c82748-5f70-4487-988a-8a60df314edd,252,1,887.6,1,1,1,111,Dormant / Lost
c8cf1335-8b9a-45dd-b581-fbe46d561005,494,8,3103.8,1,3,2,132,At Risk
c905547e-5fd4-46c2-9c37-a8300fdd6c35,220,1,2185.4,1,1,1,111,Dormant / Lost
c93fcf19-50f7-4f58-bbb5-594b256ea027,24,1,294.0,3,1,1,311,New
c944edbe-b367-4aec-aeaf-ff59aa23d765,0,326,651992.6,4,4,4,444,VIP / Champions
c9d2a73d-bec0-4870-b1c5-574af98c3ed0,354,1,28246.4,1,1,3,113,Dormant / Lost
ca7f4185-e760-470a-be00-88647bf42b21,284,1,2835.0,1,1,2,112,Dormant / Lost
cab563f1-0ad9-4421-ad8e-97c327fa1101,118,2,1596.0,2,2,1,221,Mid-Tier
cad6c56f-cae4-43e4-a924-dc7cc1cb4389,494,1,118.8712,1,1,1,111,Dormant / Lost
caf331bd-e856-4aff-a4c9-113edbc82916,210,1,4851.0,1,1,2,112,Dormant / Lost
cb18e2c4-c3f5-47d0-8529-4fc431b77250,133,1,1246.0,2,1,1,211,Mid-Tier
cb1d607e-ea63-4268-a795-005270c1dfc9,203,2,45588.2,1,2,3,123,Mid-Tier
cb6bc7e0-be90-4882-b05c-a8bccf2b9068,6,144,18683.0,3,4,3,343,VIP / Champions
cbe3e93d-0c82-454c-b49b-6a24bf336650,380,1,1470.0,1,1,1,111,Dormant / Lost
cc1d30bc-b4f4-44b4-b15d-11de1f218f06,13,23,7728.0,3,3,2,332,Mid-Tier
cc437a8f-3c06-4d0f-a197-a483cd7d7563,205,2,30858.8,1,2,3,123,Mid-Tier
ccc9e85c-aad5-4b74-9bcf-f76c07ef4053,16,11,1968.3999999999999,3,3,1,331,Mid-Tier
cd06c26c-0101-473b-96d0-becd564e29ab,373,1,140.0,1,1,1,111,Dormant / Lost
cd19fd00-eb8e-43ba-83bc-63ce571f7a06,16,2,4200.0,3,2,2,322,Mid-Tier
cd5c784e-fe50-4043-b6cf-c5aed0f98310,312,1,9077.6,1,1,2,112,Dormant / Lost
cda5074c-56f0-4dfd-aca1-c74e5bb36c68,399,1,17.08,1,1,1,111,Dormant / Lost
cdb1717b-1944-4f00-9637-170c4e6e9f9e,1,17,1157.8,4,3,1,431,Mid-Tier
cdc6e777-7979-4461-aabd-675ef7dc5d86,10,3,83358.8,3,2,4,324,Potential Stars
cdedc6c5-fbaf-4a5a-8eaf-57077ac3a178,205,3,702.1,1,2,1,121,Mid-Tier
ce0ca13c-cf5a-41e6-a688-dc8eab890e2f,189,1,3808.0,2,1,2,212,Mid-Tier
ce588b38-1b0b-4ce3-bf87-30ce771ba9ed,0,307,3717173.6,4,4,4,444,VIP / Champions
ce6af71a-636c-4164-8f5a-b9372d66c8a0,0,279,57412.6,4,4,4,444,VIP / Champions
ce748863-275f-4e05-91dc-023d7aa95af0,263,1,2.8,1,1,1,111,Dormant / Lost
ce9f0365-9c1b-4244-8e5c-2dbfcf24d992,232,1,7761.6,1,1,2,112,Dormant / Lost
cee88dc1-24fa-4f0e-b37c-f85763773a98,85,6,470.4,2,3,1,231,At Risk
cf8a7184-0119-4873-8e1f-ea1e6a6fd665,0,316,29755.6,4,4,3,443,VIP / Champions
cfdfa1b4-2d44-4590-9014-261189fa52a4,441,51,4341.4,1,3,2,132,At Risk
cff0579d-2e50-4fa3-890b-b0ab84d1f40c,0,335,444843.0,4,4,4,444,VIP / Champions
d00501c8-2e7c-4431-bac6-756a30750e87,1,135,5856.2,4,4,2,442,Mid-Tier
d00ce231-45ab-4d84-a9aa-9cd95ab99fc5,62,2,2053.8,2,2,1,221,Mid-Tier
d01674a0-7c1d-4f7b-9f8b-37fb6183a5bd,165,4,3378.2,2,2,2,222,Mid-Tier
d03619a5-922c-4600-aac4-ffe4ea1a2a82,0,355,2859518.2,4,4,4,444,VIP / Champions
d03b40db-32da-4034-9171-995faef6aa79,205,15,2777.6,1,3,1,131,At Risk
d0559053-3aec-494b-84f6-772722e12061,365,1,2.8,1,1,1,111,Dormant / Lost
d058468a-c122-4423-a213-27066c56976c,191,3,9343.6,2,2,2,222,Mid-Tier
d08415ef-bc36-4c92-a73a-123c1a72dea6,368,1,2.8,1,1,1,111,Dormant / Lost
d09cb0b3-7d92-4a4e-98b8-f1c5e3410431,38,35,6155.8,2,3,2,232,At Risk
d0fbfda4-e8ff-4875-90f8-c4c96084dbfc,0,292,37438.8,4,4,3,443,VIP / Champions
d1212444-9d57-4f44-8e8e-ffaaaa0d2133,1,301,90209.0,4,4,4,444,VIP / Champions
d1877996-6d6b-48c5-bdd2-01726c3d572c,1,290,229969.6,4,4,4,444,VIP / Champions
d1b4c36a-ffde-4038-9a93-6d890e9c616f,0,324,48279.0,4,4,3,443,VIP / Champions
d204fbd1-e047-4845-8b61-e4d7340be407,6,3,72233.0,3,2,4,324,Potential Stars
d2690528-efa1-4248-b6dd-0ec46a1eab29,42,2,4485.6,2,2,2,222,Mid-Tier
d28497be-de4f-4662-b087-954dd61e344a,0,321,261254.0,4,4,4,444,VIP / Champions
d2da7b17-88bd-4eb8-b1ad-3cc3f8764098,10,9,73887.8,3,3,4,334,VIP / Champions
d2e0483d-ca6a-4db3-9bfd-ab82d6e0e53e,0,295,230522.6,4,4,4,444,VIP / Champions
d307a2c4-1894-4151-8845-17b9f833fb6f,261,2,249.2,1,2,1,121,Mid-Tier
d3164543-32fb-4e11-8c1e-9cc67ef01753,156,205,24543.4,2,4,3,243,At Risk
d32d376f-edca-4225-884c-f5e565fe1c4d,69,1,352.8,2,1,1,211,Mid-Tier
d35f48ba-6024-4fe8-8fec-185db79d4d79,7,2,4760.0,3,2,2,322,Mid-Tier
d3cdad84-7125-44b6-b48f-e00bf50561a8,3,26,196476.0,3,3,4,334,VIP / Champions
d3f67250-8d28-47e7-859f-b50698eeae7a,0,360,912101.4,4,4,4,444,VIP / Champions
d40715d4-d744-4b56-bc43-98c3dcf79ac8,226,3,80427.2,1,2,4,124,Mid-Tier
d42d06a7-8666-4d81-96bb-783d20621334,0,343,74372.2,4,4,4,444,VIP / Champions
d4331739-d2c8-4e85-826f-69f8b89a8ab9,8,33,124994.8,3,3,4,334,VIP / Champions
d4367d3f-ad9a-4759-a340-2a955e8e88e3,23,1,8157.8,3,1,2,312,New
d43bf2d9-4ecc-4d50-9444-bd8bc7f0461a,135,4,18496.8,2,2,3,223,Mid-Tier
d4412dc5-cd13-46a0-aab3-29231abe6849,98,5,44632.0,2,2,3,223,Mid-Tier
d576f9b9-d3ac-478a-9902-576e28751233,210,1,2800.0,1,1,2,112,Dormant / Lost
d5902b54-f209-4e1e-8543-e47bf99c5092,0,306,178144.4,4,4,4,444,VIP / Champions
d661e4ba-0355-4d45-99cc-c7e6f5cf5699,1,80,60977.0,4,3,4,434,VIP / Champions
d671bf1c-f00d-40df-b1e4-02e78f2e22ae,1,116,11118.8,4,4,2,442,Mid-Tier
d675d06f-5fbb-4ac6-acd7-59973029813b,156,61,2102.8,2,3,1,231,At Risk
d67ea818-ba8f-4385-abd6-4df5d5b2434d,141,1,20916.0,2,1,3,213,Mid-Tier
d6c09866-190e-4991-9e68-3458da487946,9,4,3290.0,3,2,2,322,Mid-Tier
d6e02d8f-eada-4a9a-b4b7-8bbe52ba002b,7,1,3830.4,3,1,2,312,New
d701aebf-e96e-4856-bbe4-d6b89e0199a1,6,2,14778.400000000001,3,2,3,323,Potential Stars
d742400b-4e88-4bff-b196-ce26de2a1c88,191,1,34364.4,2,1,3,213,Mid-Tier
d74584d8-8ec1-4576-99cc-42f4294932d0,7,2,25400.2,3,2,3,323,Potential Stars
d7562de6-f6f2-4571-9181-eb535f03bb9f,7,7,45164.0,3,3,3,333,VIP / Champions
d7ba5645-4f4c-4b81-b9f2-3e7a1f4d9ba4,252,2,5502.616,1,2,2,122,Mid-Tier
d7c63346-8fd5-4da4-a8de-9e891c5de2df,323,6,13991.6,1,3,3,133,At Risk
d7ea291a-a7b0-41c2-93d0-e1962b39c548,221,2,8348.2,1,2,2,122,Mid-Tier
d83602af-8fe8-4c56-b18f-21ea9290dc62,141,2,14953.4,2,2,3,223,Mid-Tier
d850ab8e-5806-4e06-b24b-217ebbf481d1,87,5,55972.0,2,2,4,224,Mid-Tier
d8609365-fa2d-40cc-804b-3f6c69b647ea,210,1,1400.0,1,1,1,111,Dormant / Lost
d8c9d6dd-3fb0-4788-81e1-517a2fa21f64,7,5,4214.0,3,2,2,322,Mid-Tier
d915b4a4-bc66-4872-baaa-54de3415df00,0,186,6837.599999999999,4,4,2,442,Mid-Tier
d93fb56a-bb76-4e9b-a6e7-534150b5d38c,198,1,1071.0,1,1,1,111,Dormant / Lost
d94d294e-c341-467f-99b0-30908db27193,9,3,15731.8,3,2,3,323,Potential Stars
d9c9b44e-8d18-4ecb-8c35-28df9b562440,154,2,14345.8,2,2,3,223,Mid-Tier
da57b4f1-279c-41cd-8283-4de756b2620d,284,90,25876.2,1,3,3,133,At Risk
daa05e99-24c1-44f2-9e0a-1f9c4fa906b8,442,2,28414.4,1,2,3,123,Mid-Tier
db0d059d-f721-4258-bdc4-e58fbbf02b39,449,58,9044.0,1,3,2,132,At Risk
db6508b7-6acf-45c8-9858-867279336c13,0,333,298642.4,4,4,4,444,VIP / Champions
db680b4d-98c5-4ec1-94b3-74f4e177dd63,192,2,5600.0,1,2,2,122,Mid-Tier
dbacffb4-c6cc-448f-87ae-7116ef8962d9,0,37,825848.8,4,3,4,434,VIP / Champions
dbae576f-6290-4661-9f46-9880fcff7c58,269,2,1218.0,1,2,1,121,Mid-Tier
dbd89b69-e9d5-44cb-825e-869fea229732,141,1,288.4,2,1,1,211,Mid-Tier
dc4532ce-c61e-4f63-ba43-801bb42c5747,0,262,1719859.4,4,4,4,444,VIP / Champions
dc5e00fb-938e-4a06-85c5-c41a3f6ff918,9,5,1176.0,3,3,1,331,Mid-Tier
dce3353d-5948-4e19-b8e0-cdaf886c7ad8,191,2,64358.0,2,2,4,224,Mid-Tier
dd1d8507-cf95-4bab-b7e8-d05cd01a7569,200,2,12966.8,1,2,3,123,Mid-Tier
dd8be982-3167-4113-b75b-f29158a5e445,17,3,433.342,3,2,1,321,Mid-Tier
dd9f9758-3109-4c25-8864-fdaf31978d9f,63,3,35466.2,2,2,3,223,Mid-Tier
ddc1591b-2a05-4904-ad0f-881704cdc1f6,1,42,6165.6,4,3,2,432,Mid-Tier
ddf20fac-aaf6-43a6-9ae9-f100eb0b4cfa,15,34,13566.0,3,3,3,333,VIP / Champions
ddf75361-0a10-4814-a121-c84189f280c1,42,2,4516.4,2,2,2,222,Mid-Tier
def26d9a-bbbf-4359-bf8c-5893b2e49c7c,0,336,154180.6,4,4,4,444,VIP / Champions
df0627ee-02c3-40a1-b223-b38a3c9d34b3,0,28,15436.4,4,3,3,433,VIP / Champions
df09f94d-7337-43bf-8f1b-7f8a0fcc4947,141,1,21238.0,2,1,3,213,Mid-Tier
df5b92f3-cc39-4510-8f0a-70d6f613dcf1,44,11,6451.2,2,3,2,232,At Risk
df7b4992-0237-41c9-aad7-c6bc924656ab,402,1,4494.0,1,1,2,112,Dormant / Lost
df815170-6b6c-472a-8cc6-c3d28830a1bc,7,1,5577.6,3,1,2,312,New
dfb0fbe7-df85-4105-8cc2-10d61c12e0e8,156,254,783760.6,2,4,4,244,At Risk
dfdbc790-27e3-4f0a-a947-dd5f97ac3d47,9,9,2917.6,3,3,2,332,Mid-Tier
dfeaaac1-725e-41e5-8530-1eda21249753,269,1,6216.0,1,1,2,112,Dormant / Lost
e03493ae-b08f-4344-a23f-898e6c43cf96,206,2,37291.8,1,2,3,123,Mid-Tier
e147cbc3-c876-4a1f-85a9-c0be2511a121,44,2,140574.0,2,2,4,224,Mid-Tier
e1519399-8d70-4a73-8906-3455745428d4,212,24,3239.6,1,3,2,132,At Risk
e15a6230-4265-4afc-9236-1441739c5788,345,2,9781.8,1,2,2,122,Mid-Tier
e15e3f8e-f3a3-40ab-b783-b3d091ce2f60,0,303,89626.59999999999,4,4,4,444,VIP / Champions
e1c86af3-5e14-44e6-8d14-1cc0a276850b,130,2,3973888.8,2,2,4,224,Mid-Tier
e1cd0b88-7f4c-4409-a739-88f70877030f,34,4,115693.2,3,2,4,324,Potential Stars
e2249df0-bb55-4086-9cbb-3a175474d402,476,1,37.8,1,1,1,111,Dormant / Lost
e232ec8c-d6ef-4417-ac24-52e9607d1bc4,156,1,447.083,2,1,1,211,Mid-Tier
e24e4d49-6907-4ae2-9078-afbd4614b575,9,10,3784.2,3,3,2,332,Mid-Tier
e25e73a7-7748-4daf-8072-637352287ed4,0,68,20685.0,4,3,3,433,VIP / Champions
e2681bcd-8288-4cda-92d2-1ecc50cfb932,0,357,861624.4,4,4,4,444,VIP / Champions
e26f362c-464a-4e68-a3d7-c19330da5d85,424,1,2066.4,1,1,1,111,Dormant / Lost
e2748a25-ad13-4c6c-8a98-a83d03dfa8fa,1,83,2486.4,4,3,1,431,Mid-Tier
e2d8125a-d94a-445c-8bf3-df0777ac75dc,9,15,5723.2,3,3,2,332,Mid-Tier
e34e7c67-c759-44cb-8b4f-dc8528caf798,111,1,3010.0,2,1,2,212,Mid-Tier
e3580aa2-6fd1-4777-b1d0-0865621175ad,16,2,578.2,3,2,1,321,Mid-Tier
e3792c75-a3ea-492a-860b-7ca1cc734642,101,1,3150.0,2,1,2,212,Mid-Tier
e37d3f52-45de-401d-ae20-9131c8c99758,0,264,1325345.0,4,4,4,444,VIP / Champions
e3ae1307-1c4a-4e61-81fe-c66b490b9bb3,36,3,8411.2,3,2,2,322,Mid-Tier
e41c91de-100e-4381-a3fc-b000b07e58b2,372,1,14968.8,1,1,3,113,Dormant / Lost
e42fbc61-3cd3-4467-a931-a042cb22d8e3,0,333,513322.6,4,4,4,444,VIP / Champions
e433a024-7b22-45f8-87a6-1cb9261a9af0,354,1,13465.2,1,1,3,113,Dormant / Lost
e49dfde1-ffda-450f-84cb-574489889d22,221,2,17640.0,1,2,3,123,Mid-Tier
e5011ef6-7bad-4b5f-9401-c5f1b2270a1f,8,7,5699.4,3,3,2,332,Mid-Tier
e516fa6a-3367-453d-a1aa-8b6063d7c627,140,62,24871.0,2,3,3,233,At Risk
e517b7b1-0fed-4a97-b00a-ada6f121c31f,189,1,4368.0,2,1,2,212,Mid-Tier
e6659a69-ed21-48a7-bddb-292c337560a1,16,1,718.2,3,1,1,311,New
e66a0076-9479-485a-a997-9b5d31a4daa7,9,13,3766.0,3,3,2,332,Mid-Tier
e6c2a002-eb4d-493f-b27b-7e988c2f45e5,472,1,2786.0,1,1,1,111,Dormant / Lost
e76a6dcc-3a43-42eb-b699-31943d7adfe6,184,1,1562.4,2,1,1,211,Mid-Tier
e7ca1cf5-ed0a-4466-9b14-b084ea1adbd5,402,43,8828.4,1,3,2,132,At Risk
e7ef92db-97f1-47a3-aefb-165309c355d3,402,1,7700.0,1,1,2,112,Dormant / Lost
e7f65b07-5fa9-4817-910c-aaf57e33d464,113,1,7494.2,2,1,2,212,Mid-Tier
e8ada84b-b1f4-405c-b134-992b0af5537c,0,344,168373.8,4,4,4,444,VIP / Champions
e8fcb936-93eb-4882-93f0-333375f2956d,69,1,1209.6,2,1,1,211,Mid-Tier
e91dcee1-0583-4cbf-9597-4077434b5294,240,1,4617.2,1,1,2,112,Dormant / Lost
e9445ae5-ac4a-4c8a-baa6-d7c34de3a94f,337,2,4200.0,1,2,2,122,Mid-Tier
e965a2df-2326-45b9-a9b2-dcca5dd70acb,442,1,4620.0,1,1,2,112,Dormant / Lost
e9966457-22d6-44e2-9f81-1d33ea404f4d,118,1,2976.4,2,1,2,212,Mid-Tier
e9a8f62e-76a7-46ed-8dda-c9422ee5b8de,0,285,24017.0,4,4,3,443,VIP / Champions
e9b071a4-058a-4182-b56e-bfce9f49cf6c,9,45,832295.8,3,3,4,334,VIP / Champions
e9ea3234-3000-4549-a34b-7f75b0927c73,0,313,191263.8,4,4,4,444,VIP / Champions
ea33ed4e-2322-415b-bb23-f88127c902bb,204,1,35700.0,1,1,3,113,Dormant / Lost
ea35a7e3-8b46-4729-b065-05c130cb42e7,217,1,3511.2,1,1,2,112,Dormant / Lost
ea3cb846-4d65-49f0-b5cf-6c01880c5899,0,219,42877.8,4,4,3,443,VIP / Champions
ea445310-db09-4437-ad66-604cf933fecb,192,1,13388.2,1,1,3,113,Dormant / Lost
ea53c2ca-ae9d-4427-9580-82311969b2ea,197,1,7000.0,1,1,2,112,Dormant / Lost
eaf278b5-6c76-4cad-9512-63d49cd09014,43,1,1589.0,2,1,1,211,Mid-Tier
eaf5aeeb-0b8d-44b2-9638-823ea657046e,402,1,1932.0,1,1,1,111,Dormant / Lost
eb5fbc6c-e30a-478d-a7da-a59c0599fcfe,196,85,5464.2,1,3,2,132,At Risk
eb798e7f-bd15-4ad1-a044-69e5ffad569d,261,2,38060.399999999994,1,2,3,123,Mid-Tier
ebf1053d-c1d3-43fe-ab10-b6bbbc836965,6,6,13249.6,3,3,3,333,VIP / Champions
ec57509b-239c-4a50-a1dd-1fd8605100e8,0,324,59469.2,4,4,4,444,VIP / Champions
ec7bffb6-3ca7-47aa-9c98-b5fb25c594e0,0,269,340456.2,4,4,4,444,VIP / Champions
ecaf54cc-151a-41c6-8cec-b44419b2c290,7,8,53046.0,3,3,4,334,VIP / Champions
ecb45d2e-8965-4b9a-803f-6dbfbb438bc0,0,312,45588.2,4,4,3,443,VIP / Champions
ece0f93b-bb64-42b9-9265-2a6fe2729524,0,350,189610.4,4,4,4,444,VIP / Champions
ecff0af4-6212-4e1e-84cd-f0057df27964,0,11,8400.0,4,3,2,432,Mid-Tier
ed1a53c4-7a76-4533-a4ea-f153af0265d6,192,2,40986.4,1,2,3,123,Mid-Tier
ed2f52d3-70f8-43cd-b757-b2d4a2abcb78,0,267,27778.8,4,4,3,443,VIP / Champions
ed3d2042-3653-4138-890f-10a2a37b77f8,97,3,56287.0,2,2,4,224,Mid-Tier
edab920d-9da3-4504-8430-4c8591ff1b6e,7,11,464289.0,3,3,4,334,VIP / Champions
edbb71c1-f9d9-4483-82c2-45cc110fbd6f,1,165,47212.2,4,4,3,443,VIP / Champions
edd014a5-4a20-434d-8614-5407b370aab7,2,33,3879.3999999999996,3,3,2,332,Mid-Tier
edfd63f3-3cc4-4176-ac1e-24b3d98803bf,184,1,1344.0,2,1,1,211,Mid-Tier
ee487a6c-d440-4b10-853c-a347178dc74d,2,124,19558.0,3,4,3,343,VIP / Champions
ee5de332-f695-4cff-9974-adffa890a280,192,1,8738.8,1,1,2,112,Dormant / Lost
ee601fdc-59e2-40df-ad26-549f506d2807,367,1,2.8,1,1,1,111,Dormant / Lost
ee66b779-f43e-418f-8d46-a18158b30e5c,24,3,16100.0,3,2,3,323,Potential Stars
ee8090ff-a2ee-45a6-ab03-fcd292b6261d,69,1,739.2,2,1,1,211,Mid-Tier
ee878023-d309-4240-bad1-25139db94e16,255,1,14.0,1,1,1,111,Dormant / Lost
ee8c7f4d-eaab-45ab-b045-2216e7f1602f,22,7,5524.4,3,3,2,332,Mid-Tier
ee8e6276-0dfb-4de1-b0f7-cb50b56f094d,24,2,364.0,3,2,1,321,Mid-Tier
eea2a060-419e-4649-b844-e385b450fdc0,114,3,35940.8,2,2,3,223,Mid-Tier
eec80c86-2c89-4419-91d3-508572925f65,3,54,6937537.6,3,3,4,334,VIP / Champions
eed3f91d-e860-454a-8bb3-bcb3eb03ed30,266,1,9408.0,1,1,2,112,Dormant / Lost
eef1f73a-234a-4158-8637-a024585d7738,0,268,37644.6,4,4,3,443,VIP / Champions
ef5e1890-bd98-406f-b4ee-c69d858e1378,69,2,15.4,2,2,1,221,Mid-Tier
eff8cc9a-1abb-48ae-bd91-d58a55ccf7f9,0,347,103262.6,4,4,4,444,VIP / Champions
effeb7ca-f637-4c81-9ae7-1472542e3d39,476,1,2.8,1,1,1,111,Dormant / Lost
f0002aa8-beed-4756-b6df-6c5bb2d61286,0,55,4641.0,4,3,2,432,Mid-Tier
f01e6518-023b-4aaa-9120-59f7a17efe34,375,1,126.0,1,1,1,111,Dormant / Lost
f06709c5-da8b-4f1f-b929-b16472c9496d,347,3,56.0,1,2,1,121,Mid-Tier
f073958e-b753-4c0c-860d-16dd4e2a715b,0,322,81123.0,4,4,4,444,VIP / Champions
f0c90f64-d799-496d-a0d0-7e61f46e9467,98,5,34879.6,2,3,3,233,At Risk
f0e5cc73-fc0a-47de-a6a9-6cc68df57280,0,326,47898.2,4,4,3,443,VIP / Champions
f0ea2293-f692-449a-b908-e3dce4dc24ad,140,1,2100.0,2,1,1,211,Mid-Tier
f0f3bf30-1917-46ff-855b-5e461737206d,7,3,24630.2,3,2,3,323,Potential Stars
f10de6a3-6e6b-44ba-8a21-d8194ba2311b,1,84,10231.2,4,3,2,432,Mid-Tier
f19e3a3b-e87a-4eae-b67b-093eea6d4279,1,118,8668.8,4,4,2,442,Mid-Tier
f1dd1aaf-7fec-4f37-8a76-da8648cd406c,0,341,75280.8,4,4,4,444,VIP / Champions
f1e91012-145e-48d0-9f44-0eece3550148,9,11,7131.6,3,3,2,332,Mid-Tier
f22f8109-7481-414e-96e7-28f480a5468f,134,1,1624.0,2,1,1,211,Mid-Tier
f23dc3ea-bf0b-4bd5-8519-5eec97756e97,0,204,137960.2,4,4,4,444,VIP / Champions
f2487c32-2faa-4c93-9c05-8efe88245803,280,1,11054.4,1,1,2,112,Dormant / Lost
f2500cb9-3118-4194-939a-1c0f411330e9,443,2,3500.0,1,2,2,122,Mid-Tier
f2646ae7-d655-4095-bc72-89d251184c91,72,4,25340.0,2,2,3,223,Mid-Tier
f2897dff-aa50-43b4-8f59-9e180ccd8914,0,144,10893.4,4,4,2,442,Mid-Tier
f31f4bc8-b06a-4f84-a6e1-0e1b79ac2844,3,175,8584.8,3,4,2,342,Mid-Tier
f33d2bef-5c3c-4855-9b71-6d7a6987ae68,8,7,3277.3999999999996,3,3,2,332,Mid-Tier
f3dae331-d95f-4d96-828b-f585868e19c0,0,66,10411.8,4,3,2,432,Mid-Tier
f457c46f-da6a-4b4b-974e-3a6696899e1c,191,3,113115.8,2,2,4,224,Mid-Tier
f490f784-b5de-4ef6-9c92-8a6fd5f5c0a1,1,195,23291.8,4,4,3,443,VIP / Champions
f4b57eb5-ebd6-49fb-ac39-9962f9ace466,36,6,23901462.2,3,3,4,334,VIP / Champions
f4bba589-3b03-419c-b86d-f7a10a53def7,0,317,109202.8,4,4,4,444,VIP / Champions
f4d9f4f6-4833-42ea-b8c8-7e85246f0d6a,14,18,733.6,3,3,1,331,Mid-Tier
f4ea27f5-e9e6-4d03-9d43-4f24decc7c81,0,321,44486.4,4,4,3,443,VIP / Champions
f50805c8-c22a-40ec-add8-ffc035d544a0,71,57,15848.0,2,3,3,233,At Risk
f556061a-4245-4dba-9709-603489900032,84,2,21103.6,2,2,3,223,Mid-Tier
f5a59a2e-8bc5-4a5b-ae30-e24125e65a53,8,27,103076.4,3,3,4,334,VIP / Champions
f6c4cba7-e5cb-4093-9af5-1e876b0bfb39,189,1,7119.0,2,1,2,212,Mid-Tier
f6f8e133-68da-4ec0-96c5-23aa4d529fa4,107,22,2591.4,2,3,1,231,At Risk
f722243d-43c5-441f-bba9-78c6d57b585c,34,4,102212.6,3,2,4,324,Potential Stars
f76a00b4-cd74-4a08-bb28-fcb6202ef95c,0,358,2867565.4,4,4,4,444,VIP / Champions
f790bf9f-574a-4e4c-af99-6722b44d1b86,1,146,5520.2,4,4,2,442,Mid-Tier
f7a935e6-3d8d-47dc-b16c-efed3f109c5b,63,4,16678.2,2,2,3,223,Mid-Tier
f88a44f3-08c8-4f3e-bfb0-c5db0bce2070,114,2,4648.0,2,2,2,222,Mid-Tier
f88d7a7c-c975-46f7-93a5-ba3c85f1fb27,16,3,8034.6,3,2,2,322,Mid-Tier
f88f1e6f-4cff-426e-b488-9e257e11c2ae,0,347,1537449.2,4,4,4,444,VIP / Champions
f900a150-dd59-4c8f-ac3d-d104ad101400,0,40,96517.4,4,3,4,434,VIP / Champions
f94467d8-ee8c-4719-ae5b-01b80e678931,72,2,22219.4,2,2,3,223,Mid-Tier
f945ee2b-37c8-438d-801f-78d678a7075d,255,1,2.8,1,1,1,111,Dormant / Lost
f9b0f539-234e-402f-9056-4ce39f5ffb35,0,310,319716.6,4,4,4,444,VIP / Champions
fa13b857-5f48-4edd-85a0-85df5d093ac1,0,346,583172.8,4,4,4,444,VIP / Champions
faa9b1ec-2680-40d7-86b7-39c967b35318,141,1,21000.0,2,1,3,213,Mid-Tier
fad2b5a6-30d3-487a-90b2-aa9d2d219983,2,78,7015.4,3,3,2,332,Mid-Tier
faeb09fe-e235-4107-a77d-9d6986e8965d,0,344,93434.6,4,4,4,444,VIP / Champions
fb224ec3-69d2-4d2f-9702-2546842500d6,0,354,683495.4,4,4,4,444,VIP / Champions
fb35653e-4480-480c-abb3-3ef44eb79b5c,0,293,20274.8,4,4,3,443,VIP / Champions
fb3d4e2f-e88f-43c2-8331-ff151bcbde98,210,1,1120.0,1,1,1,111,Dormant / Lost
fb42d2fa-d3c9-420e-9142-b0e2e0b0216f,0,265,62776.0,4,4,4,444,VIP / Champions
fb579d7e-b3f3-4d6e-87df-95cfb5a859b0,0,324,260782.2,4,4,4,444,VIP / Champions
fbc0b566-b440-4a67-af44-9cae6a440b89,1,113,4092.2,4,3,2,432,Mid-Tier
fc3fbc89-12a9-421a-84c4-2df4c89dc081,0,236,463199.8,4,4,4,444,VIP / Champions
fc571112-637d-46f8-9f38-eeb5246bfa29,70,2,21679.0,2,2,3,223,Mid-Tier
fc76cca9-d5d5-44c6-ad2c-29c9e13f352e,226,3,50892.8,1,2,3,123,Mid-Tier
fca8fb87-c75f-48e5-9eb2-75f0488b505b,44,1,4667.6,2,1,2,212,Mid-Tier
fce5e86d-5aa2-4daa-b0e9-5247393202bd,0,338,133294.0,4,4,4,444,VIP / Champions
fd078289-6031-4f18-be1f-6249a2450875,13,8,4446.4,3,3,2,332,Mid-Tier
fd0be11b-f341-4fbc-b1b0-e18fc75e9d31,445,54,32198.6,1,3,3,133,At Risk
fd1d5134-7856-4174-b59e-2245d6641e65,41,4,11667.6,2,2,3,223,Mid-Tier
fd6deb8f-8e68-421e-b953-ff03a73a6955,97,1,560.0,2,1,1,211,Mid-Tier
fdce0fea-5cf7-4783-8340-18367180c6ed,7,144,6430.2,3,4,2,342,Mid-Tier
fe17e7ca-09d1-4e14-8bd4-bc32560de38c,137,2,8831.199999999999,2,2,2,222,Mid-Tier
feeda1e1-e8f5-4707-8920-602ad21d48fb,337,3,2800.0,1,2,2,122,Mid-Tier
ff12d7bc-19c1-4627-b7b9-b8030678170e,3,302,45658.2,3,4,3,343,VIP / Champions
ff3f8b64-5316-445f-925b-d632e6450132,2,55,756.0,3,3,1,331,Mid-Tier
ff4730bf-ee3b-4f8f-9b50-ac1a76890f15,38,1,980.0,2,1,1,211,Mid-Tier
ff995a8b-9e6a-4dce-ac30-c024c6b7f1cd,184,1,261.8,2,1,1,211,Mid-Tier
ffb5d13a-0042-471a-98cc-43de9aa6a1be,9,32,397727.4,3,3,4,334,VIP / Champions
